,A1,A2,A3,A4,A5,A6,A7,A8,A9,A10,A11,A12,A13,A14,Class
0,0.687804,0.17185699999999998,-0.907467,-1.8160669999999999,1.646025,-0.358527,-0.674501,-1.508248,-0.970894,-0.5396770000000001,-0.9183209999999999,0.239085,-0.023419,-0.198177,1
1,-1.449964,2.222044,-0.565915,0.552716,-1.8639130000000002,-1.911143,1.348934,-1.508248,1.300011,-0.314812,-0.9183209999999999,0.239085,-1.073483,-0.196229,1
2,0.687804,-0.5115390000000001,-0.907467,0.552716,-0.9864280000000001,1.711628,0.40266599999999997,-1.508248,-0.970894,-0.5396770000000001,1.086873,0.239085,0.9099709999999999,-0.198177,1
3,-1.449964,-1.329906,-0.94234,0.552716,-0.401439,-0.358527,-0.38589,-1.508248,1.300011,-0.089946,1.086873,0.239085,0.793297,-0.197982,1
4,0.687804,0.342706,-0.822335,0.552716,-0.9864280000000001,-0.358527,-0.22817800000000002,-1.508248,-0.970894,-0.5396770000000001,1.086873,0.239085,0.274099,-0.198177,1
5,-1.449964,-1.088154,-0.07051,-1.8160669999999999,0.183551,1.711628,0.244955,1.3745530000000001,-0.970894,-0.5396770000000001,-0.9183209999999999,0.239085,0.326602,-0.198177,2
6,0.687804,-1.194935,1.0751760000000001,0.552716,0.476046,1.711628,-0.649267,-1.508248,1.300011,-0.314812,-0.9183209999999999,0.239085,-0.37344099999999997,-0.197982,1
7,-1.449964,0.000154,-0.25821,0.552716,-1.571418,-0.358527,0.244955,1.3745530000000001,-0.970894,-0.5396770000000001,1.086873,0.239085,0.676623,-0.198177,1
8,0.687804,2.2434,0.467973,0.552716,-0.108944,-0.358527,3.714601,1.3745530000000001,1.300011,0.809515,1.086873,0.239085,1.026645,0.061284000000000005,2
9,0.687804,1.952103,-0.8736200000000001,-1.8160669999999999,-0.9864280000000001,1.711628,0.5477609999999999,1.3745530000000001,-0.970894,-0.5396770000000001,-0.9183209999999999,0.239085,-0.023419,-0.13701300000000002,2
10,-1.449964,2.4783180000000002,2.408563,0.552716,1.061036,-0.358527,2.768334,1.3745530000000001,-0.970894,-0.5396770000000001,1.086873,0.239085,-0.950976,1.859003,2
11,-1.449964,-0.46882700000000005,0.801319,0.552716,-0.401439,-0.358527,-0.25498899999999997,1.3745530000000001,-0.970894,-0.5396770000000001,-0.9183209999999999,0.239085,-0.140093,-0.168958,2
12,0.687804,-0.9309729999999999,-0.719767,-1.8160669999999999,0.183551,1.711628,-0.267606,1.3745530000000001,1.300011,0.134919,1.086873,0.239085,-0.256767,-0.157271,1
13,0.687804,2.6636889999999998,0.459767,0.552716,0.768541,2.229167,-0.7013119999999999,-1.508248,-0.970894,-0.5396770000000001,-0.9183209999999999,0.239085,-1.073483,-0.195839,1
14,0.687804,1.965771,0.9551719999999999,0.552716,-1.8639130000000002,-1.911143,3.8455019999999998,1.3745530000000001,1.300011,1.9338419999999998,1.086873,0.239085,-0.898473,-0.13974,2
15,0.687804,-1.223125,-0.36077800000000004,0.552716,-0.9864280000000001,-0.358527,-0.688695,-1.508248,-0.970894,-0.5396770000000001,1.086873,0.239085,-0.140093,-0.190385,1
16,0.687804,0.030052,-0.06127899999999999,0.552716,1.646025,1.711628,1.2038389999999999,1.3745530000000001,1.300011,0.134919,-0.9183209999999999,0.239085,0.740794,-0.13974,2
17,0.687804,-0.981374,-0.9249040000000001,0.552716,1.061036,-0.358527,-0.661884,-1.508248,-0.970894,-0.5396770000000001,-0.9183209999999999,0.239085,0.09325399999999999,-0.198177,1
18,-1.449964,-0.497017,-0.8736200000000001,0.552716,0.183551,1.711628,-0.425317,1.3745530000000001,-0.970894,-0.5396770000000001,1.086873,0.239085,1.7908580000000003,-0.198177,2
19,0.687804,-0.831881,1.2803129999999998,0.552716,1.93852,-0.358527,-0.609839,1.3745530000000001,1.300011,0.809515,-0.9183209999999999,0.239085,-0.367607,-0.198177,2
20,-1.449964,2.507362,0.049493999999999996,0.552716,-0.401439,-0.358527,0.5603779999999999,1.3745530000000001,1.300011,0.35978499999999997,-0.9183209999999999,0.239085,-1.073483,-0.178893,2
21,0.687804,-1.522111,-0.155642,-1.8160669999999999,0.476046,-0.358527,-0.149323,1.3745530000000001,1.300011,-0.089946,1.086873,0.239085,-0.37344099999999997,-0.003387,2
22,0.687804,0.513555,-0.976188,0.552716,0.183551,-0.358527,-0.7013119999999999,-1.508248,-0.970894,-0.5396770000000001,-0.9183209999999999,3.6057989999999998,-8.499999999999999e-05,-0.198177,2
23,0.687804,-0.760124,-0.651046,-1.8160669999999999,0.476046,-0.358527,0.271766,1.3745530000000001,1.300011,0.809515,-0.9183209999999999,0.239085,-0.606788,-0.198177,2
24,0.687804,-0.774647,1.382881,-1.8160669999999999,-0.108944,-0.358527,-0.22817800000000002,-1.508248,-0.970894,-0.5396770000000001,1.086873,0.239085,-1.073483,0.5809840000000001,1
25,0.687804,-0.5610850000000001,1.588017,0.552716,-0.401439,-0.358527,0.244955,1.3745530000000001,-0.970894,-0.5396770000000001,1.086873,-3.127628,-0.95681,-0.198177,2
26,-1.449964,-0.098085,-0.694125,0.552716,0.476046,1.711628,-0.688695,-1.508248,1.300011,0.134919,-0.9183209999999999,0.239085,-1.073483,-0.191749,1
27,-1.449964,-0.838715,1.434165,0.552716,0.183551,-0.358527,-0.622456,-1.508248,-0.970894,-0.5396770000000001,1.086873,0.239085,-0.023419,-0.198177,1
28,-1.449964,-1.088154,0.980814,0.552716,-0.401439,-0.358527,-0.674501,1.3745530000000001,-0.970894,-0.5396770000000001,-0.9183209999999999,0.239085,-0.49011400000000005,-0.198177,2
29,-1.449964,-0.29029,-0.856183,0.552716,-0.401439,-0.358527,-0.688695,-1.508248,-0.970894,-0.5396770000000001,-0.9183209999999999,0.239085,0.443276,-0.002607,1
30,0.687804,0.29316,-0.283852,0.552716,0.183551,1.711628,1.9135400000000002,-1.508248,-0.970894,-0.5396770000000001,1.086873,0.239085,-1.073483,-0.198177,1
31,0.687804,-0.247577,0.9387610000000001,0.552716,1.061036,1.711628,1.085556,1.3745530000000001,1.300011,0.809515,-0.9183209999999999,0.239085,1.149152,-0.165452,2
32,0.687804,0.43581800000000004,-0.07051,-1.8160669999999999,-0.9864280000000001,-0.358527,-0.622456,1.3745530000000001,1.300011,1.708977,1.086873,0.239085,0.793297,-0.198177,2
33,0.687804,-0.902783,0.006416,-1.8160669999999999,0.476046,-0.358527,0.008388,1.3745530000000001,1.300011,-0.314812,1.086873,0.239085,-0.606788,-0.13974,2
34,-1.449964,-0.8600709999999999,0.254631,0.552716,-0.401439,-0.358527,0.087244,1.3745530000000001,1.300011,0.134919,-0.9183209999999999,0.239085,-0.606788,-0.019359,2
35,-1.449964,1.339609,-0.822335,0.552716,1.061036,1.711628,0.1661,1.3745530000000001,1.300011,-0.314812,-0.9183209999999999,0.239085,0.869135,-0.024424,2
36,-1.449964,0.6135010000000001,-0.6684829999999999,0.552716,-1.8639130000000002,-1.911143,-0.7013119999999999,-1.508248,-0.970894,-0.5396770000000001,-0.9183209999999999,0.239085,-0.630123,-0.198177,1
37,-1.449964,-0.333002,-0.6684829999999999,0.552716,-0.108944,-0.358527,-0.070467,1.3745530000000001,-0.970894,-0.5396770000000001,-0.9183209999999999,-3.127628,1.0733139999999999,-0.198177,1
38,-1.449964,-0.297978,2.100859,-1.8160669999999999,0.768541,2.229167,-0.7013119999999999,1.3745530000000001,-0.970894,-0.5396770000000001,-0.9183209999999999,0.239085,-1.073483,2.3753919999999997,2
39,-1.449964,-0.8241930000000001,1.4167290000000001,0.552716,-0.9864280000000001,1.711628,-0.674501,-1.508248,-0.970894,-0.5396770000000001,-0.9183209999999999,0.239085,0.793297,-0.197203,1
40,0.687804,-0.760124,1.177745,0.552716,1.061036,1.711628,-0.280223,1.3745530000000001,-0.970894,-0.5396770000000001,-0.9183209999999999,0.239085,-0.49011400000000005,-0.198177,2
41,0.687804,0.000154,-0.8736200000000001,0.552716,0.183551,0.159012,-0.437934,1.3745530000000001,-0.970894,-0.5396770000000001,1.086873,-3.127628,0.793297,-0.198177,1
42,-1.449964,-0.539729,1.588017,0.552716,-1.571418,-0.358527,-0.38589,-1.508248,-0.970894,-0.5396770000000001,1.086873,0.239085,-0.023419,0.00869,1
43,-1.449964,-0.268934,-0.25821,0.552716,0.476046,-0.358527,-0.437934,1.3745530000000001,-0.970894,-0.5396770000000001,-0.9183209999999999,-3.127628,0.55995,-0.198177,2
44,0.687804,-1.315384,-0.967982,0.552716,0.183551,-0.358527,-0.688695,-1.508248,-0.970894,-0.5396770000000001,-0.9183209999999999,0.239085,-1.073483,-0.198177,2
45,0.687804,-0.240744,-0.6684829999999999,-1.8160669999999999,0.183551,-0.358527,-0.22817800000000002,1.3745530000000001,-0.970894,-0.5396770000000001,1.086873,0.239085,-1.073483,-0.15434900000000001,1
46,0.687804,0.072764,-0.36077800000000004,0.552716,-1.571418,-0.358527,-0.649267,-1.508248,-0.970894,-0.5396770000000001,1.086873,0.239085,-0.37344099999999997,-0.198177,1
47,0.687804,-0.973686,0.921324,0.552716,0.183551,-0.358527,-0.17613399999999999,1.3745530000000001,1.300011,0.134919,1.086873,0.239085,-0.8401360000000001,-0.192723,2
48,0.687804,-0.8669049999999999,-0.822335,-1.8160669999999999,1.35353,1.1940899999999999,-0.46474499999999996,-1.508248,-0.970894,-0.5396770000000001,1.086873,0.239085,-0.30343600000000004,-0.197787,1
49,-1.449964,-0.682388,-0.805924,0.552716,1.061036,-0.358527,-0.570412,-1.508248,1.300011,-0.314812,1.086873,0.239085,0.09325399999999999,-0.19603399999999999,1
50,-1.449964,-0.760124,-0.822335,0.552716,0.183551,-0.358527,-0.070467,-1.508248,1.300011,-0.089946,1.086873,0.239085,0.09325399999999999,-0.121429,1
51,-1.449964,-1.194935,0.8700399999999999,0.552716,-0.401439,-0.358527,-0.267606,1.3745530000000001,-0.970894,-0.5396770000000001,1.086873,0.239085,-1.073483,-0.198177,2
52,0.687804,0.720282,0.357199,0.552716,-0.401439,0.159012,0.40266599999999997,1.3745530000000001,1.300011,-0.314812,-0.9183209999999999,0.239085,-1.073483,-0.10078200000000001,2
53,0.687804,-0.32616799999999996,-0.856183,-1.8160669999999999,1.646025,-0.358527,-0.622456,1.3745530000000001,1.300011,-0.089946,-0.9183209999999999,0.239085,0.443276,-0.10078200000000001,2
54,0.687804,0.506721,-0.745409,-1.8160669999999999,-1.571418,-0.358527,-0.22817800000000002,-1.508248,-0.970894,-0.5396770000000001,1.086873,0.239085,1.4408370000000001,-0.198177,2
55,-1.449964,-0.2621,-0.771051,0.552716,1.061036,-0.358527,-0.38589,1.3745530000000001,1.300011,-0.089946,1.086873,0.239085,-0.09925700000000001,-0.10078200000000001,1
56,0.687804,0.798872,-0.5146310000000001,-1.8160669999999999,1.93852,1.711628,2.452912,1.3745530000000001,-0.970894,-0.5396770000000001,1.086873,0.239085,-0.046754000000000004,-0.198177,1
57,0.687804,-1.1163450000000001,-0.565915,0.552716,-1.278923,-0.358527,-0.22817800000000002,1.3745530000000001,1.300011,-0.089946,-0.9183209999999999,0.239085,-0.37344099999999997,-0.13974,2
58,0.687804,-0.802837,-0.5146310000000001,0.552716,-1.278923,-0.358527,-0.661884,-1.508248,-0.970894,-0.5396770000000001,-0.9183209999999999,0.239085,-0.140093,-0.196229,1
59,0.687804,-0.119441,-0.8736200000000001,0.552716,0.183551,-0.358527,-0.149323,1.3745530000000001,1.300011,1.9338419999999998,-0.9183209999999999,0.239085,-0.886805,-0.09299,2
60,-1.449964,0.577623,-0.07051,0.552716,0.183551,-0.358527,-0.661884,-1.508248,-0.970894,-0.5396770000000001,-0.9183209999999999,0.239085,-0.140093,-0.198177,1
61,0.687804,-0.30481199999999997,-0.36077800000000004,0.552716,0.476046,-0.358527,-0.46474499999999996,-1.508248,-0.970894,-0.5396770000000001,1.086873,0.239085,0.676623,-0.185126,1
62,0.687804,0.27863699999999997,-0.155642,0.552716,-1.571418,0.159012,3.2414680000000002,1.3745530000000001,-0.970894,-0.5396770000000001,1.086873,0.239085,-8.499999999999999e-05,-0.198177,1
63,0.687804,-0.895949,-0.13,-1.8160669999999999,-1.278923,1.711628,-0.688695,-1.508248,-0.970894,-0.5396770000000001,-0.9183209999999999,0.239085,-0.256767,-0.178698,1
64,0.687804,-0.8882610000000001,-0.9249040000000001,-1.8160669999999999,0.183551,1.711628,-0.622456,-1.508248,-0.970894,-0.5396770000000001,-0.9183209999999999,0.239085,0.55995,-0.15844,1
65,0.687804,-0.902783,-0.36077800000000004,-1.8160669999999999,-1.571418,-0.358527,-0.359079,1.3745530000000001,1.300011,1.2592459999999999,1.086873,0.239085,-0.140093,-0.197982,2
66,0.687804,-0.696056,-0.771051,0.552716,0.183551,-0.358527,-0.543601,-1.508248,-0.970894,-0.5396770000000001,1.086873,-3.127628,0.55995,-0.198177,1
67,0.687804,-0.988208,-0.719767,-1.8160669999999999,-0.9864280000000001,-0.358527,-0.661884,-1.508248,-0.970894,-0.5396770000000001,-0.9183209999999999,0.239085,-0.256767,-0.197398,1
68,0.687804,-1.237647,-0.301289,0.552716,-1.278923,-0.358527,-0.595645,-1.508248,-0.970894,-0.5396770000000001,1.086873,0.239085,-0.256767,-0.197787,1
69,0.687804,0.179545,-0.532067,0.552716,0.183551,-0.358527,-0.22817800000000002,-1.508248,-0.970894,-0.5396770000000001,-0.9183209999999999,3.6057989999999998,-0.37344099999999997,-0.198177,1
70,0.687804,-0.20486500000000002,-0.25821,0.552716,0.476046,-0.358527,0.40266599999999997,1.3745530000000001,1.300011,0.134919,1.086873,0.239085,0.8458,-0.198177,1
71,0.687804,1.709497,2.100859,0.552716,0.183551,-0.358527,1.9797779999999998,1.3745530000000001,1.300011,1.484111,-0.9183209999999999,0.239085,-1.073483,-0.198177,2
72,0.687804,-0.682388,-0.881825,-1.8160669999999999,0.476046,-0.358527,0.126672,1.3745530000000001,1.300011,0.809515,1.086873,0.239085,0.139924,-0.13058499999999998,1
73,0.687804,-1.152223,0.152063,0.552716,-0.9864280000000001,-0.358527,-0.543601,1.3745530000000001,-0.970894,-0.5396770000000001,-0.9183209999999999,0.239085,-0.606788,-0.198177,2
74,0.687804,-0.162153,-0.68592,0.552716,0.476046,1.711628,-0.46474499999999996,1.3745530000000001,1.300011,-0.314812,-0.9183209999999999,0.239085,0.326602,-0.178698,2
75,-1.449964,0.329038,1.485449,0.552716,1.061036,1.711628,3.714601,1.3745530000000001,1.300011,1.2592459999999999,-0.9183209999999999,0.239085,-1.073483,1.085491,2
76,0.687804,-0.9523290000000001,-0.7536149999999999,0.552716,1.061036,-0.358527,-0.22817800000000002,-1.508248,-0.970894,-0.5396770000000001,-0.9183209999999999,0.239085,-0.443445,-0.19681300000000002,1
77,-1.449964,-0.575608,-0.053074,0.552716,0.476046,-0.358527,-0.38589,-1.508248,-0.970894,-0.5396770000000001,1.086873,0.239085,1.026645,-0.197008,1
78,0.687804,3.212114,0.8700399999999999,0.552716,-1.8639130000000002,-1.911143,0.5603779999999999,-1.508248,1.300011,-0.314812,-0.9183209999999999,0.239085,-0.665125,-0.197008,1
79,0.687804,-1.251315,-0.907467,-1.8160669999999999,-0.9864280000000001,-0.358527,-0.609839,-1.508248,-0.970894,-0.5396770000000001,-0.9183209999999999,-3.127628,0.09325399999999999,-0.198177,1
80,0.687804,-0.8745930000000001,0.562335,0.552716,-0.401439,-0.358527,-0.25498899999999997,1.3745530000000001,1.300011,-0.314812,-0.9183209999999999,0.239085,-0.606788,1.710768,2
81,0.687804,-0.731934,-0.822335,0.552716,-0.108944,-0.358527,-0.543601,-1.508248,-0.970894,-0.5396770000000001,1.086873,-3.127628,0.793297,-0.198177,1
82,0.687804,0.13683299999999998,-0.352573,-1.8160669999999999,0.183551,1.711628,-0.05785,1.3745530000000001,1.300011,-0.314812,1.086873,0.239085,-0.023419,3.313307,2
83,-1.449964,-1.03092,-0.94234,0.552716,1.061036,-0.358527,-0.688695,-1.508248,-0.970894,-0.5396770000000001,1.086873,0.239085,1.143319,-0.198177,1
84,-1.449964,-0.689222,0.8700399999999999,0.552716,1.061036,-0.358527,1.9797779999999998,1.3745530000000001,1.300011,0.58465,1.086873,0.239085,-0.37344099999999997,-0.198177,2
85,0.687804,-1.208603,0.357199,0.552716,-1.278923,-0.358527,-0.661884,-1.508248,-0.970894,-0.5396770000000001,-0.9183209999999999,0.239085,-0.7234619999999999,-0.178698,1
86,0.687804,0.000154,-0.155642,-1.8160669999999999,-1.278923,-0.358527,-0.674501,-1.508248,-0.970894,-0.5396770000000001,1.086873,0.239085,1.324163,-0.198177,1
87,0.687804,0.17185699999999998,-0.9249040000000001,0.552716,-1.278923,0.159012,0.5603779999999999,-1.508248,-0.970894,-0.5396770000000001,1.086873,-3.127628,1.376666,-0.198177,1
88,0.687804,-0.5610850000000001,1.485449,0.552716,-0.9864280000000001,-0.358527,0.008388,1.3745530000000001,1.300011,-0.089946,1.086873,0.239085,-0.37344099999999997,-0.197203,1
89,0.687804,0.628023,-0.6171989999999999,0.552716,-0.9864280000000001,-0.358527,-0.543601,-1.508248,-0.970894,-0.5396770000000001,1.086873,0.239085,0.676623,-0.197787,1
90,0.687804,-0.731934,-0.822335,0.552716,-0.108944,-0.358527,-0.543601,1.3745530000000001,-0.970894,-0.5396770000000001,1.086873,-3.127628,0.793297,-0.198177,1
91,0.687804,-0.14848499999999998,-0.719767,-1.8160669999999999,-0.9864280000000001,-0.358527,-0.622456,-1.508248,-0.970894,-0.5396770000000001,-0.9183209999999999,0.239085,0.233263,-0.198177,1
92,0.687804,-0.525207,-0.8654139999999999,0.552716,0.476046,-0.358527,-0.649267,-1.508248,1.300011,-0.314812,-0.9183209999999999,0.239085,0.5132800000000001,-0.11169000000000001,1
93,0.687804,0.6562140000000001,0.972608,0.552716,-0.108944,-0.358527,1.348934,1.3745530000000001,1.300011,2.608438,-0.9183209999999999,0.239085,0.326602,0.699222,2
94,0.687804,-0.390236,-0.6684829999999999,-1.8160669999999999,0.476046,-0.358527,-0.583029,1.3745530000000001,-0.970894,-0.5396770000000001,1.086873,0.239085,0.443276,0.009275,2
95,0.687804,3.859632,3.596303,0.552716,0.768541,2.229167,3.320324,1.3745530000000001,1.300011,-0.314812,1.086873,0.239085,-1.073483,-0.176945,2
96,0.687804,0.000154,-0.8992620000000001,0.552716,-1.571418,-0.358527,-0.425317,1.3745530000000001,-0.970894,-0.5396770000000001,1.086873,-3.127628,4.34018,-0.198177,1
97,0.687804,-0.8814270000000001,-0.6684829999999999,0.552716,0.476046,-0.358527,-0.22817800000000002,-1.508248,-0.970894,-0.5396770000000001,-0.9183209999999999,0.239085,-0.19843,-0.19661800000000001,2
98,0.687804,-0.518373,-0.8992620000000001,0.552716,-0.108944,-0.358527,-0.622456,1.3745530000000001,1.300011,0.134919,-0.9183209999999999,0.239085,0.443276,2.7447150000000002,2
99,-1.449964,-0.8814270000000001,-0.49719399999999997,0.552716,-1.278923,0.159012,-0.543601,1.3745530000000001,1.300011,0.35978499999999997,-0.9183209999999999,-3.127628,-0.606788,-0.198177,2
100,-1.449964,-0.255266,-0.20692600000000003,0.552716,0.183551,-0.358527,-0.622456,-1.508248,1.300011,-0.314812,1.086873,0.239085,-0.8401360000000001,-0.168179,1
101,-1.449964,-0.133963,0.108984,0.552716,0.768541,-1.393604,0.008388,1.3745530000000001,1.300011,0.58465,1.086873,0.239085,-0.49594799999999994,-0.10078200000000001,2
102,0.687804,-0.418426,2.015727,0.552716,-1.278923,0.159012,-0.7013119999999999,-1.508248,-0.970894,-0.5396770000000001,1.086873,0.239085,-0.035087,-0.198177,1
103,0.687804,-1.30855,-0.804899,0.552716,-0.108944,-0.358527,-0.674501,1.3745530000000001,-0.970894,-0.5396770000000001,-0.9183209999999999,-3.127628,0.09325399999999999,-0.198177,1
104,0.687804,0.598979,-0.292058,0.552716,0.476046,-0.358527,0.5603779999999999,1.3745530000000001,1.300011,2.608438,-0.9183209999999999,0.239085,1.16082,0.063621,2
105,0.687804,-0.16984100000000002,-0.00179,0.552716,-0.108944,-0.358527,-0.070467,-1.508248,1.300011,-0.314812,1.086873,0.239085,1.6100139999999998,-0.18493099999999998,1
106,0.687804,-0.789169,1.2803129999999998,0.552716,0.476046,-0.358527,-0.070467,1.3745530000000001,1.300011,-0.314812,-0.9183209999999999,0.239085,-0.606788,-0.144025,2
107,-1.449964,0.528077,0.152063,0.552716,1.061036,-0.358527,-0.661884,1.3745530000000001,-0.970894,-0.5396770000000001,1.086873,0.239085,0.256598,-0.198177,2
108,0.687804,0.976555,-0.9166979999999999,-1.8160669999999999,1.646025,1.711628,-0.149323,1.3745530000000001,1.300011,1.2592459999999999,-0.9183209999999999,0.239085,-0.49011400000000005,-0.12513,2
109,-1.449964,-0.240744,-0.20692600000000003,0.552716,0.183551,-0.358527,-0.359079,1.3745530000000001,1.300011,-0.314812,1.086873,0.239085,1.0908149999999999,-0.198177,2
110,-1.449964,-0.539729,1.7931540000000001,-1.8160669999999999,-1.8639130000000002,-1.911143,-0.070467,-1.508248,1.300011,-0.314812,1.086873,0.239085,0.09325399999999999,-0.197982,1
111,0.687804,0.000154,0.049493999999999996,-1.8160669999999999,-0.401439,-0.358527,1.9797779999999998,1.3745530000000001,-0.970894,-0.5396770000000001,-0.9183209999999999,0.239085,-1.073483,-0.198177,1
112,-1.449964,-1.080466,0.8700399999999999,0.552716,-0.401439,-0.358527,-0.46474499999999996,1.3745530000000001,1.300011,-0.089946,-0.9183209999999999,0.239085,-0.5601189999999999,-0.08305599999999999,2
113,0.687804,2.713235,-0.8654139999999999,0.552716,0.183551,-0.358527,-0.51679,1.3745530000000001,1.300011,0.134919,1.086873,0.239085,-0.023419,-0.198177,1
114,0.687804,1.503624,-0.506425,0.552716,-1.8639130000000002,-1.911143,-0.609839,-1.508248,-0.970894,-0.5396770000000001,-0.9183209999999999,0.239085,0.09325399999999999,-0.19759200000000002,1
115,-1.449964,-0.9523290000000001,0.562335,0.552716,-0.9864280000000001,-0.358527,-0.22817800000000002,1.3745530000000001,1.300011,-0.314812,-0.9183209999999999,0.239085,-0.140093,-0.152596,2
116,-1.449964,0.628023,-0.634636,0.552716,-0.401439,-0.358527,-0.622456,-1.508248,-0.970894,-0.5396770000000001,-0.9183209999999999,0.239085,-1.073483,-0.122209,1
117,0.687804,-1.130867,-0.727973,-1.8160669999999999,0.768541,-1.393604,-0.7013119999999999,-1.508248,-0.970894,-0.5396770000000001,-0.9183209999999999,0.239085,-0.49011400000000005,-0.198177,1
118,-1.449964,0.37858400000000003,-0.771051,0.552716,0.183551,-0.358527,-0.070467,1.3745530000000001,1.300011,1.9338419999999998,-0.9183209999999999,0.239085,-1.073483,-0.109352,2
119,-1.449964,-0.112607,0.152063,0.552716,-0.9864280000000001,-0.358527,1.033511,-1.508248,-0.970894,-0.5396770000000001,1.086873,-3.127628,-0.49011400000000005,-0.198177,1
120,0.687804,0.414462,-0.822335,-1.8160669999999999,-1.571418,-0.358527,-0.51679,-1.508248,-0.970894,-0.5396770000000001,-0.9183209999999999,0.239085,0.326602,-0.19759200000000002,1
121,-1.449964,2.2861130000000003,1.0751760000000001,0.552716,1.061036,-0.358527,0.5603779999999999,1.3745530000000001,1.300011,2.608438,-0.9183209999999999,0.239085,-1.073483,0.11387699999999999,2
122,0.687804,-0.240744,-0.737204,0.552716,-0.9864280000000001,-0.358527,-0.543601,1.3745530000000001,-0.970894,-0.5396770000000001,-0.9183209999999999,-3.127628,0.55995,-0.198177,1
123,0.687804,-1.201769,3.5368129999999995,2.9215,-1.8639130000000002,1.1940899999999999,-0.7013119999999999,-1.508248,-0.970894,-0.5396770000000001,1.086873,3.6057989999999998,1.551677,19.280849,2
124,0.687804,0.955199,-0.36077800000000004,0.552716,-1.278923,0.159012,-0.38589,1.3745530000000001,-0.970894,-0.5396770000000001,-0.9183209999999999,0.239085,-1.073483,-0.159219,1
125,0.687804,0.17185699999999998,-0.412063,0.552716,-0.108944,-0.358527,0.6392329999999999,1.3745530000000001,1.300011,0.809515,-0.9183209999999999,0.239085,0.11658900000000001,-0.198177,2
126,-1.449964,-0.603798,-0.480783,-1.8160669999999999,0.183551,-0.358527,-0.7013119999999999,-1.508248,-0.970894,-0.5396770000000001,-0.9183209999999999,0.239085,-0.37344099999999997,-0.198177,1
127,0.687804,0.805706,-0.967982,0.552716,0.768541,-0.358527,-0.688695,-1.508248,1.300011,-0.314812,-0.9183209999999999,-3.127628,2.1933830000000003,-0.198177,2
128,-1.449964,0.805706,-0.557709,-1.8160669999999999,1.061036,1.711628,-0.661884,1.3745530000000001,1.300011,4.632226,1.086873,0.239085,1.580845,0.042584,2
129,0.687804,-1.144535,1.1264610000000002,0.552716,0.183551,1.711628,-0.359079,-1.508248,-0.970894,-0.5396770000000001,-0.9183209999999999,0.239085,0.793297,-0.195645,1
130,-1.449964,0.8202290000000001,0.357199,0.552716,1.061036,-0.358527,-0.543601,1.3745530000000001,1.300011,0.134919,1.086873,0.239085,-0.227598,-0.198177,2
131,0.687804,-0.689222,-0.412063,0.552716,-1.8639130000000002,-1.911143,0.718089,-1.508248,-0.970894,-0.5396770000000001,-0.9183209999999999,0.239085,-0.140093,-0.193307,1
132,0.687804,2.1511419999999997,1.536733,0.552716,-0.108944,-0.358527,-0.30703400000000003,1.3745530000000001,1.300011,0.35978499999999997,1.086873,0.239085,0.09325399999999999,-0.198177,2
133,0.687804,-0.390236,-0.822335,0.552716,0.183551,1.711628,0.6392329999999999,1.3745530000000001,1.300011,0.134919,1.086873,0.239085,0.746628,-0.168958,2
134,0.687804,0.000154,-0.36077800000000004,-1.8160669999999999,-1.278923,0.159012,1.506645,-1.508248,-0.970894,-0.5396770000000001,-0.9183209999999999,0.239085,-1.073483,-0.197982,1
135,0.687804,-0.546563,-0.36077800000000004,0.552716,0.183551,-0.358527,-0.30703400000000003,-1.508248,1.300011,-0.314812,-0.9183209999999999,0.239085,-1.073483,-0.193891,1
136,0.687804,-1.03092,-0.9166979999999999,0.552716,-0.9864280000000001,-0.358527,-0.609839,-1.508248,-0.970894,-0.5396770000000001,-0.9183209999999999,0.239085,0.55995,-0.127273,1
137,-1.449964,-0.746456,-0.506425,0.552716,1.061036,1.711628,0.021005000000000003,1.3745530000000001,1.300011,1.034381,1.086873,0.239085,-0.256767,0.266203,2
138,-1.449964,0.000154,1.331597,0.552716,-1.8639130000000002,-1.911143,-0.7013119999999999,-1.508248,-0.970894,-0.5396770000000001,-0.9183209999999999,0.239085,-8.499999999999999e-05,0.814733,1
139,-1.449964,-0.774647,0.759266,-1.8160669999999999,1.93852,-0.358527,0.074627,-1.508248,-0.970894,-0.5396770000000001,-0.9183209999999999,0.239085,-0.11675799999999999,-0.198177,2
140,-1.449964,-0.42611499999999997,-0.45514099999999996,-1.8160669999999999,-1.8639130000000002,-1.911143,-0.7013119999999999,-1.508248,-0.970894,-0.5396770000000001,1.086873,0.239085,-0.023419,-0.18648900000000002,1
141,0.687804,-0.01266,2.203427,0.552716,0.183551,-0.358527,-0.543601,1.3745530000000001,-0.970894,-0.5396770000000001,-0.9183209999999999,0.239085,-0.37344099999999997,-0.198177,1
142,0.687804,-0.319334,-0.6602779999999999,0.552716,0.476046,-0.358527,0.481522,1.3745530000000001,1.300011,0.58465,1.086873,0.239085,-0.49011400000000005,-0.19759200000000002,2
143,-1.449964,-0.546563,-0.386421,0.552716,1.93852,1.711628,-0.425317,1.3745530000000001,-0.970894,-0.5396770000000001,-0.9183209999999999,0.239085,1.026645,-0.198177,2
144,-1.449964,0.307682,-0.20692600000000003,0.552716,-1.8639130000000002,-1.911143,-0.7013119999999999,-1.508248,1.300011,0.809515,-0.9183209999999999,0.239085,-1.073483,-0.159219,1
145,-1.449964,-0.9241389999999999,1.143897,0.552716,1.646025,1.711628,-0.595645,1.3745530000000001,1.300011,-0.314812,1.086873,0.239085,-0.606788,-0.188437,2
146,0.687804,0.31451599999999996,-0.32693099999999997,0.552716,1.93852,1.711628,0.481522,1.3745530000000001,-0.970894,-0.5396770000000001,1.086873,0.239085,2.893425,-0.198177,1
147,0.687804,-0.796003,-0.881825,0.552716,-0.9864280000000001,-0.358527,-0.661884,-1.508248,-0.970894,-0.5396770000000001,1.086873,0.239085,0.55995,-0.18746300000000002,1
148,0.687804,1.7308540000000001,-0.36077800000000004,-1.8160669999999999,-1.8639130000000002,-1.911143,-0.22817800000000002,-1.508248,-0.970894,-0.5396770000000001,-0.9183209999999999,0.239085,-0.023419,-0.197398,1
149,0.687804,-1.037754,0.511051,0.552716,-0.108944,-0.358527,-0.688695,-1.508248,1.300011,-0.314812,-0.9183209999999999,0.239085,-0.49011400000000005,-0.197982,1
150,0.687804,0.684404,0.049493999999999996,0.552716,-1.8639130000000002,-1.911143,-0.7013119999999999,-1.508248,1.300011,-0.089946,-0.9183209999999999,0.239085,-0.974311,-0.197982,1
151,0.687804,-0.14848499999999998,-0.557709,-1.8160669999999999,1.93852,1.711628,-0.688695,-1.508248,-0.970894,-0.5396770000000001,-0.9183209999999999,0.239085,-0.326771,-0.197982,1
152,0.687804,-0.497017,-0.8736200000000001,0.552716,0.183551,-0.358527,-0.24079499999999998,1.3745530000000001,1.300011,0.58465,1.086873,0.239085,0.746628,-0.198177,2
153,0.687804,0.179545,-0.719767,0.552716,0.476046,-0.358527,-0.333845,-1.508248,-0.970894,-0.5396770000000001,-0.9183209999999999,0.239085,-0.37344099999999997,-0.198177,1
154,-1.449964,0.855253,-0.762846,0.552716,-0.401439,-0.358527,-0.49155600000000005,-1.508248,-0.970894,-0.5396770000000001,-0.9183209999999999,0.239085,0.326602,-0.15201099999999998,1
155,0.687804,-0.7037439999999999,-0.6684829999999999,0.552716,0.183551,1.711628,-0.25498899999999997,1.3745530000000001,-0.970894,-0.5396770000000001,-0.9183209999999999,0.239085,1.388334,-0.159219,2
156,0.687804,2.386059,-0.412063,0.552716,0.476046,-0.358527,-0.149323,1.3745530000000001,1.300011,0.58465,1.086873,0.239085,-0.7234619999999999,-0.186879,2
157,0.687804,0.43581800000000004,-0.565915,0.552716,-1.278923,-0.358527,-0.622456,-1.508248,-0.970894,-0.5396770000000001,1.086873,0.239085,0.21576199999999998,-0.198177,1
158,0.687804,1.1619270000000002,-0.6684829999999999,0.552716,0.183551,-0.358527,0.087244,1.3745530000000001,-0.970894,-0.5396770000000001,1.086873,0.239085,-0.256767,-0.198177,1
159,-1.449964,-0.682388,-0.856183,-1.8160669999999999,-1.8639130000000002,-1.911143,-0.661884,-1.508248,-0.970894,-0.5396770000000001,-0.9183209999999999,0.239085,-0.37344099999999997,-0.18123,1
160,0.687804,-0.9454959999999999,-0.480783,0.552716,0.183551,-0.358527,-0.070467,1.3745530000000001,1.300011,1.9338419999999998,1.086873,0.239085,0.09325399999999999,0.386194,2
161,-1.449964,-0.7814810000000001,1.331597,-1.8160669999999999,1.93852,1.711628,-0.46474499999999996,1.3745530000000001,1.300011,0.35978499999999997,-0.9183209999999999,0.239085,-1.073483,-0.135649,2
162,-1.449964,-0.461139,-0.565915,0.552716,-0.693933,-0.876066,-0.7013119999999999,-1.508248,-0.970894,-0.5396770000000001,1.086873,0.239085,0.536615,-0.197982,1
163,-1.449964,0.492199,-0.463347,0.552716,-1.278923,1.711628,-0.635073,-1.508248,-0.970894,-0.5396770000000001,-0.9183209999999999,0.239085,0.443276,-0.150258,1
164,0.687804,1.688141,1.0751760000000001,0.552716,-1.278923,0.159012,-0.7013119999999999,1.3745530000000001,1.300011,1.9338419999999998,-0.9183209999999999,0.239085,-1.073483,0.045116,2
165,0.687804,-0.667866,1.485449,0.552716,0.183551,-0.358527,-0.043656,-1.508248,-0.970894,-0.5396770000000001,-0.9183209999999999,-3.127628,-0.606788,-0.198177,1
166,-1.449964,-0.603798,-0.6171989999999999,-1.8160669999999999,0.183551,-0.358527,-0.649267,-1.508248,-0.970894,-0.5396770000000001,-0.9183209999999999,0.239085,-0.30343600000000004,-0.198177,1
167,0.687804,-0.760124,-0.45514099999999996,-1.8160669999999999,0.183551,1.711628,0.11405499999999999,1.3745530000000001,-0.970894,-0.5396770000000001,-0.9183209999999999,0.239085,-1.073483,-0.198177,2
168,0.687804,0.31451599999999996,2.408563,-1.8160669999999999,0.183551,-0.358527,0.5603779999999999,1.3745530000000001,-0.970894,-0.5396770000000001,-0.9183209999999999,0.239085,-0.606788,-0.198177,1
169,-1.449964,-1.05911,0.134626,0.552716,-1.278923,1.711628,-0.609839,-1.508248,-0.970894,-0.5396770000000001,-0.9183209999999999,0.239085,-0.606788,-0.103898,1
170,-1.449964,1.3823219999999998,0.664904,0.552716,0.183551,-0.358527,1.7826389999999999,1.3745530000000001,1.300011,0.809515,1.086873,0.239085,-1.073483,0.047258999999999995,2
171,0.687804,0.983389,-0.8992620000000001,-1.8160669999999999,0.183551,-0.358527,-0.583029,1.3745530000000001,1.300011,1.2592459999999999,1.086873,0.239085,0.676623,-0.166621,2
172,0.687804,0.165023,-0.6171989999999999,0.552716,1.93852,1.711628,0.718089,1.3745530000000001,1.300011,0.35978499999999997,1.086873,0.239085,0.40244,-0.031242000000000002,2
173,0.687804,0.492199,-0.42949899999999996,0.552716,1.646025,-0.358527,-0.649267,-1.508248,-0.970894,-0.5396770000000001,1.086873,0.239085,-1.073483,-0.100587,1
174,0.687804,1.083336,-0.8736200000000001,0.552716,-0.108944,-0.358527,2.689479,1.3745530000000001,-0.970894,-0.5396770000000001,-0.9183209999999999,-3.127628,1.259992,-0.198177,1
175,0.687804,0.8202290000000001,-0.14743699999999998,0.552716,1.646025,1.711628,1.506645,1.3745530000000001,1.300011,1.2592459999999999,-0.9183209999999999,0.239085,0.793297,-0.198177,2
176,0.687804,-0.069895,-0.651046,0.552716,-1.571418,-0.358527,-0.51679,-1.508248,-0.970894,-0.5396770000000001,1.086873,-3.127628,-1.073483,-0.198177,1
177,0.687804,0.307682,4.177865,0.552716,1.93852,1.711628,-0.188751,1.3745530000000001,1.300011,-0.314812,1.086873,0.239085,1.9308669999999999,-0.10078200000000001,2
178,0.687804,1.06198,-0.565915,0.552716,-0.108944,-0.358527,-0.149323,1.3745530000000001,1.300011,-0.089946,1.086873,0.239085,-1.073483,-0.19525499999999998,2
179,0.687804,-1.016398,1.0751760000000001,-1.8160669999999999,-0.9864280000000001,1.711628,-0.437934,1.3745530000000001,-0.970894,-0.5396770000000001,1.086873,0.239085,-0.256767,-0.198177,1
180,-1.449964,0.44265200000000005,-0.009995,0.552716,-1.8639130000000002,-1.911143,-0.7013119999999999,-1.508248,-0.970894,-0.5396770000000001,-0.9183209999999999,0.239085,-0.140093,-0.198177,1
181,0.687804,1.431868,1.485449,0.552716,-0.108944,-0.358527,4.345446,1.3745530000000001,-0.970894,-0.5396770000000001,-0.9183209999999999,-3.127628,-0.431778,-0.198177,2
182,0.687804,-0.746456,-0.36077800000000004,0.552716,-0.108944,-0.358527,-0.294417,1.3745530000000001,1.300011,-0.314812,-0.9183209999999999,0.239085,0.443276,-0.042345,2
183,0.687804,-0.041704000000000005,-0.6684829999999999,-1.8160669999999999,0.476046,-0.358527,-0.688695,-1.508248,-0.970894,-0.5396770000000001,-0.9183209999999999,-3.127628,-0.140093,-0.198177,1
184,0.687804,0.12231099999999999,-0.463347,-1.8160669999999999,0.476046,-0.358527,1.506645,-1.508248,-0.970894,-0.5396770000000001,1.086873,0.239085,0.55995,-0.198177,1
185,0.687804,0.5853109999999999,-0.8315670000000001,0.552716,0.183551,-0.358527,-0.583029,-1.508248,1.300011,-0.089946,-0.9183209999999999,0.239085,0.23909699999999998,-0.10078200000000001,1
186,0.687804,-0.810525,1.2803129999999998,0.552716,1.646025,-0.358527,-0.49155600000000005,1.3745530000000001,-0.970894,-0.5396770000000001,-0.9183209999999999,0.239085,-0.49011400000000005,-0.198177,2
187,0.687804,-0.7105779999999999,-0.155642,0.552716,0.183551,0.159012,-0.622456,1.3745530000000001,-0.970894,-0.5396770000000001,1.086873,0.239085,-0.140093,-0.198177,2
188,-1.449964,0.791184,1.0751760000000001,0.552716,1.061036,1.711628,-0.149323,1.3745530000000001,-0.970894,-0.5396770000000001,-0.9183209999999999,0.239085,-0.9043059999999999,-0.035137,2
189,0.687804,0.04372,-0.155642,0.552716,-0.108944,-0.358527,0.087244,1.3745530000000001,-0.970894,-0.5396770000000001,1.086873,0.239085,1.026645,-0.198177,2
190,0.687804,-0.47566099999999994,-0.771051,0.552716,1.061036,-0.358527,-0.149323,1.3745530000000001,-0.970894,-0.5396770000000001,1.086873,0.239085,0.55995,-0.198177,2
191,0.687804,-0.8241930000000001,-0.8654139999999999,-1.8160669999999999,1.93852,-0.358527,-0.688695,1.3745530000000001,1.300011,-0.314812,1.086873,0.239085,3.8268160000000004,-0.186684,2
192,0.687804,-0.7105779999999999,-0.6684829999999999,0.552716,1.061036,-0.358527,0.047816000000000004,1.3745530000000001,1.300011,0.134919,1.086873,0.239085,-1.073483,-0.08480900000000001,2
193,0.687804,-0.61832,0.382841,-1.8160669999999999,-1.571418,-0.358527,1.033511,1.3745530000000001,-0.970894,-0.5396770000000001,1.086873,-3.127628,-0.49011400000000005,-0.198177,2
194,-1.449964,2.777304,-0.94234,0.552716,-1.8639130000000002,-1.911143,-0.7013119999999999,1.3745530000000001,1.300011,-0.314812,-0.9183209999999999,0.239085,0.279933,-0.178698,2
195,0.687804,0.000154,-0.155642,0.552716,1.93852,-0.358527,0.8758,1.3745530000000001,1.300011,0.134919,1.086873,0.239085,0.618287,0.24575,2
196,0.687804,-0.575608,-0.412063,0.552716,0.183551,-0.358527,0.008388,1.3745530000000001,1.300011,0.809515,-0.9183209999999999,0.239085,-8.499999999999999e-05,-0.081303,2
197,0.687804,-0.8173590000000001,0.6310560000000001,-1.8160669999999999,-1.278923,0.159012,-0.649267,-1.508248,-0.970894,-0.5396770000000001,1.086873,0.239085,-8.499999999999999e-05,-0.198177,1
198,0.687804,-0.7105779999999999,1.61366,0.552716,0.183551,-0.358527,-0.661884,-1.508248,1.300011,-0.089946,-0.9183209999999999,0.239085,-1.073483,0.883299,1
199,0.687804,0.10778800000000001,-0.463347,0.552716,1.646025,1.711628,0.1661,1.3745530000000001,1.300011,0.809515,-0.9183209999999999,0.239085,-0.140093,0.205429,2
200,0.687804,0.67757,-0.10435799999999999,0.552716,0.183551,0.159012,1.348934,1.3745530000000001,1.300011,3.058169,-0.9183209999999999,0.239085,-0.390942,0.037519,2
201,0.687804,-0.767813,-0.6684829999999999,-1.8160669999999999,-0.401439,-0.358527,-0.530984,-1.508248,-0.970894,-0.5396770000000001,1.086873,0.239085,-0.37344099999999997,-0.185126,1
202,0.687804,-0.9454959999999999,1.0751760000000001,-1.8160669999999999,0.183551,-0.358527,0.087244,1.3745530000000001,-0.970894,-0.5396770000000001,-0.9183209999999999,-3.127628,-0.8401360000000001,-0.198177,2
203,0.687804,-0.9523290000000001,-0.599762,0.552716,0.183551,-0.358527,0.008388,1.3745530000000001,1.300011,-0.314812,-0.9183209999999999,0.239085,-0.49011400000000005,-0.168958,2
204,0.687804,-1.088154,-0.25000500000000003,-1.8160669999999999,-1.8639130000000002,-1.911143,-0.7013119999999999,-1.508248,-0.970894,-0.5396770000000001,1.086873,0.239085,-0.023419,-0.197982,1
205,0.687804,-0.41159300000000004,-0.565915,0.552716,-1.571418,-0.358527,-0.46474499999999996,-1.508248,-0.970894,-0.5396770000000001,1.086873,0.239085,-0.606788,-0.198177,1
206,0.687804,-0.738768,-0.32693099999999997,-1.8160669999999999,0.183551,-0.358527,-0.649267,-1.508248,-0.970894,-0.5396770000000001,-0.9183209999999999,0.239085,-0.140093,0.007911,1
207,0.687804,0.44265200000000005,-0.9505459999999999,-1.8160669999999999,0.183551,-0.358527,-0.22817800000000002,-1.508248,-0.970894,-0.5396770000000001,1.086873,0.239085,0.279933,-0.17616500000000002,2
208,-1.449964,2.065718,0.476178,0.552716,-0.9864280000000001,1.711628,1.427789,1.3745530000000001,1.300011,0.134919,1.086873,0.239085,-0.49011400000000005,-0.188437,1
209,0.687804,-1.159057,-0.94234,0.552716,1.061036,1.1940899999999999,-0.635073,-1.508248,-0.970894,-0.5396770000000001,-0.9183209999999999,0.239085,0.09325399999999999,-0.190385,2
210,-1.449964,-1.016398,-0.933109,0.552716,1.061036,1.711628,-0.609839,1.3745530000000001,1.300011,1.9338419999999998,-0.9183209999999999,0.239085,-0.606788,-0.178893,2
211,0.687804,-0.966852,1.066971,0.552716,0.768541,-1.393604,-0.7013119999999999,1.3745530000000001,-0.970894,-0.5396770000000001,-0.9183209999999999,0.239085,-1.073483,-0.198177,2
212,0.687804,0.897965,-0.762846,0.552716,0.476046,-0.358527,0.8758,1.3745530000000001,1.300011,0.809515,1.086873,0.239085,1.843361,1.749726,2
213,0.687804,4.158617,0.152063,0.552716,0.183551,-0.358527,-0.530984,1.3745530000000001,-0.970894,-0.5396770000000001,-0.9183209999999999,0.239085,-1.073483,-0.131948,1
214,0.687804,0.058241999999999995,1.8957220000000001,-1.8160669999999999,-1.8639130000000002,-1.911143,-0.7013119999999999,-1.508248,1.300011,-0.089946,-0.9183209999999999,0.239085,-0.140093,-0.197982,1
215,0.687804,0.663048,0.228989,0.552716,1.646025,1.711628,2.452912,1.3745530000000001,1.300011,2.608438,1.086873,0.239085,1.254159,-0.198177,2
216,0.687804,0.100954,-0.49719399999999997,0.552716,-1.571418,1.711628,1.112367,-1.508248,-0.970894,-0.5396770000000001,1.086873,0.239085,0.629954,-0.198177,1
217,-1.449964,-0.75329,0.288478,0.552716,-0.401439,-0.358527,-0.649267,-1.508248,-0.970894,-0.5396770000000001,-0.9183209999999999,0.239085,0.20992800000000003,-0.003387,1
218,0.687804,-0.19803099999999998,2.0577799999999997,0.552716,-0.401439,-0.358527,0.888417,1.3745530000000001,1.300011,0.58465,1.086873,0.239085,-0.09342400000000001,-0.198177,2
219,0.687804,-0.8600709999999999,1.023892,0.552716,0.183551,-0.358527,-0.622456,1.3745530000000001,-0.970894,-0.5396770000000001,-0.9183209999999999,0.239085,-0.256767,-0.198177,1
220,0.687804,0.641691,0.254631,0.552716,-0.108944,-0.358527,-0.294417,1.3745530000000001,1.300011,0.58465,1.086873,0.239085,-0.443445,0.015508000000000001,2
221,-1.449964,-1.3512620000000002,-0.8992620000000001,0.552716,0.183551,-0.358527,-0.38589,-1.508248,-0.970894,-0.5396770000000001,-0.9183209999999999,0.239085,-0.37344099999999997,-0.194671,1
222,0.687804,-0.226221,2.100859,0.552716,0.183551,1.711628,0.981466,1.3745530000000001,1.300011,1.9338419999999998,-0.9183209999999999,0.239085,-1.073483,0.246529,2
223,0.687804,0.065076,0.562335,0.552716,0.768541,0.159012,-0.20136700000000002,1.3745530000000001,-0.970894,-0.5396770000000001,1.086873,-3.127628,1.376666,-0.198177,1
224,-1.449964,-0.176675,-0.565915,-1.8160669999999999,0.768541,1.711628,-0.070467,-1.508248,-0.970894,-0.5396770000000001,-0.9183209999999999,0.239085,0.419941,-0.194865,1
225,-1.449964,-0.091251,0.357199,0.552716,0.183551,0.159012,0.5603779999999999,1.3745530000000001,1.300011,1.034381,1.086873,0.239085,-1.073483,0.398855,2
226,-1.449964,1.076502,0.391046,0.552716,1.061036,-0.358527,1.6249280000000002,1.3745530000000001,1.300011,0.134919,1.086873,0.239085,-1.073483,-0.198177,2
227,0.687804,-0.14848499999999998,-0.25821,0.552716,0.183551,-0.358527,-0.649267,-1.508248,-0.970894,-0.5396770000000001,-0.9183209999999999,0.239085,0.186594,-0.198177,1
228,0.687804,-0.276622,0.049493999999999996,0.552716,0.476046,-0.358527,2.768334,1.3745530000000001,-0.970894,-0.5396770000000001,1.086873,0.239085,-0.665125,-0.198177,2
229,0.687804,1.69583,-0.967982,0.552716,1.93852,1.711628,-0.688695,1.3745530000000001,-0.970894,-0.5396770000000001,-0.9183209999999999,0.239085,-1.073483,0.386194,2
230,0.687804,1.7880880000000001,0.357199,0.552716,-0.9864280000000001,-0.358527,1.2826950000000001,1.3745530000000001,1.300011,2.833304,-0.9183209999999999,0.239085,-1.073483,1.9838639999999998,2
231,-1.449964,-0.582441,1.8270009999999999,0.552716,1.061036,1.711628,-0.22817800000000002,-1.508248,-0.970894,-0.5396770000000001,-0.9183209999999999,0.239085,0.55995,-0.197982,1
232,0.687804,0.000154,1.177745,0.552716,1.93852,-0.358527,1.348934,1.3745530000000001,-0.970894,-0.5396770000000001,-0.9183209999999999,0.239085,-1.073483,-0.198177,2
233,0.687804,-1.237647,-0.9249040000000001,0.552716,1.061036,-0.358527,-0.595645,-1.508248,1.300011,0.35978499999999997,-0.9183209999999999,0.239085,-0.140093,-0.19661800000000001,1
234,0.687804,-0.9241389999999999,0.06693099999999999,-1.8160669999999999,-0.693933,-0.358527,-0.609839,-1.508248,-0.970894,-0.5396770000000001,-0.9183209999999999,0.239085,-0.256767,-0.16233499999999998,1
235,0.687804,0.13683299999999998,-0.762846,0.552716,1.35353,1.711628,1.348934,1.3745530000000001,-0.970894,-0.5396770000000001,1.086873,0.239085,-0.11675799999999999,5.895837,2
236,-1.449964,-0.7814810000000001,0.18591,0.552716,1.061036,-0.358527,0.11405499999999999,1.3745530000000001,1.300011,1.034381,-0.9183209999999999,0.239085,-0.320937,0.436255,2
237,0.687804,-0.36888000000000004,-0.8479770000000001,0.552716,-0.401439,-0.358527,-0.5577949999999999,1.3745530000000001,-0.970894,-0.5396770000000001,1.086873,0.239085,0.09325399999999999,-0.198177,1
238,0.687804,0.036886,-0.6171989999999999,-1.8160669999999999,0.768541,1.711628,-0.688695,1.3745530000000001,-0.970894,-0.5396770000000001,1.086873,0.239085,1.219157,-0.198177,2
239,0.687804,0.991078,-0.5146310000000001,0.552716,-1.278923,0.159012,-0.46474499999999996,1.3745530000000001,-0.970894,-0.5396770000000001,-0.9183209999999999,0.239085,2.1933830000000003,-0.198177,1
240,0.687804,0.393106,0.152063,0.552716,-1.278923,0.159012,0.8758,-1.508248,-0.970894,-0.5396770000000001,-0.9183209999999999,0.239085,0.151591,-0.064356,1
241,0.687804,-0.546563,-0.25821,0.552716,1.646025,-0.358527,-0.504173,1.3745530000000001,1.300011,1.034381,-0.9183209999999999,0.239085,-1.073483,1.176848,2
242,0.687804,0.022364,-0.463347,0.552716,-0.401439,-0.358527,1.6643560000000002,1.3745530000000001,-0.970894,-0.5396770000000001,1.086873,0.239085,1.977536,-0.198177,1
243,0.687804,-0.32616799999999996,-0.711562,0.552716,-0.9864280000000001,1.711628,-0.622456,-1.508248,-0.970894,-0.5396770000000001,1.086873,-3.127628,-0.256767,-0.198177,1
244,0.687804,0.35722800000000005,-0.480783,0.552716,0.476046,-0.358527,-0.661884,-1.508248,1.300011,-0.089946,-0.9183209999999999,0.239085,0.20992800000000003,-0.197982,1
245,0.687804,0.798872,-0.8736200000000001,-1.8160669999999999,-0.108944,-0.358527,-0.543601,-1.508248,-0.970894,-0.5396770000000001,1.086873,0.239085,-0.315104,-0.198177,1
246,0.687804,-0.319334,-0.771051,-1.8160669999999999,-1.571418,1.711628,0.244955,-1.508248,-0.970894,-0.5396770000000001,-0.9183209999999999,0.239085,-0.046754000000000004,-0.093574,1
247,0.687804,-0.461139,-0.9249040000000001,0.552716,-1.278923,0.159012,-0.7013119999999999,1.3745530000000001,-0.970894,-0.5396770000000001,1.086873,0.239085,-1.073483,-0.198177,2
248,0.687804,-0.7251,-0.463347,0.552716,-1.8639130000000002,-1.911143,-0.674501,-1.508248,-0.970894,-0.5396770000000001,1.086873,0.239085,-0.49011400000000005,0.621501,1
249,-1.449964,-0.582441,-0.36077800000000004,0.552716,1.061036,1.711628,-0.122512,1.3745530000000001,1.300011,3.732765,-0.9183209999999999,0.239085,-1.073483,-0.10078200000000001,2
250,-1.449964,1.5600049999999999,1.8105900000000001,0.552716,-0.9864280000000001,1.711628,1.9797779999999998,1.3745530000000001,-0.970894,-0.5396770000000001,1.086873,0.239085,-1.073483,-0.198177,2
251,0.687804,1.410512,0.262836,0.552716,-0.9864280000000001,-0.358527,-0.688695,-1.508248,-0.970894,-0.5396770000000001,-0.9183209999999999,0.239085,-1.073483,0.325809,2
252,-1.449964,-1.344428,0.5879770000000001,0.552716,1.061036,-0.358527,-0.661884,-1.508248,1.300011,-0.314812,1.086873,0.239085,-1.073483,-0.16701,1
253,0.687804,0.27863699999999997,-0.463347,-1.8160669999999999,0.476046,-0.358527,0.244955,-1.508248,-0.970894,-0.5396770000000001,-0.9183209999999999,-3.127628,0.09325399999999999,-0.198177,1
254,-1.449964,-0.596964,-0.8387459999999999,0.552716,-0.401439,1.711628,-0.149323,1.3745530000000001,-0.970894,-0.5396770000000001,-0.9183209999999999,0.239085,1.259992,-0.198177,1
255,0.687804,0.40677399999999997,-0.198721,0.552716,0.476046,-0.358527,-0.333845,1.3745530000000001,-0.970894,-0.5396770000000001,1.086873,0.239085,0.09325399999999999,-0.198177,1
256,-1.449964,-0.796003,-0.719767,-1.8160669999999999,-1.8639130000000002,-1.911143,0.323811,-1.508248,-0.970894,-0.5396770000000001,-0.9183209999999999,0.239085,0.55995,-0.198177,1
257,-1.449964,0.13683299999999998,-0.5146310000000001,-1.8160669999999999,1.646025,-0.358527,0.40266599999999997,-1.508248,-0.970894,-0.5396770000000001,1.086873,0.239085,0.09325399999999999,-0.170711,1
258,0.687804,1.531815,0.5797720000000001,0.552716,-1.278923,0.159012,1.6911669999999999,1.3745530000000001,1.300011,2.833304,1.086873,0.239085,-1.073483,0.775775,2
259,0.687804,0.634857,0.049493999999999996,0.552716,1.646025,-0.358527,0.40266599999999997,1.3745530000000001,1.300011,1.708977,1.086873,0.239085,-1.073483,-0.198177,2
260,0.687804,0.39994,0.049493999999999996,0.552716,0.183551,0.159012,0.087244,1.3745530000000001,1.300011,0.809515,-0.9183209999999999,0.239085,-1.073483,-0.12668900000000002,2
261,-1.449964,-1.187247,-0.976188,-1.8160669999999999,-0.693933,-1.911143,-0.7013119999999999,-1.508248,-0.970894,-0.5396770000000001,-0.9183209999999999,0.239085,-0.571786,-0.198177,1
262,-1.449964,0.129144,-0.642841,0.552716,-1.571418,-0.358527,-0.530984,-1.508248,-0.970894,-0.5396770000000001,1.086873,0.239085,-1.073483,-0.198177,1
263,-1.449964,3.169402,2.100859,0.552716,0.768541,2.229167,-0.7013119999999999,1.3745530000000001,1.300011,2.608438,-0.9183209999999999,0.239085,-1.073483,0.45943500000000004,2
264,0.687804,-0.7251,-0.463347,0.552716,0.183551,-0.358527,-0.359079,1.3745530000000001,1.300011,1.9338419999999998,1.086873,0.239085,-0.7234619999999999,0.22724499999999997,2
265,0.687804,-0.532895,-0.857209,0.552716,0.183551,-0.358527,-0.609839,1.3745530000000001,1.300011,1.034381,1.086873,0.239085,-0.5134489999999999,0.799929,2
266,0.687804,-0.36888000000000004,-0.634636,0.552716,1.646025,1.711628,0.902611,1.3745530000000001,1.300011,1.484111,-0.9183209999999999,0.239085,1.254159,-0.037085,2
267,0.687804,0.848419,-0.6602779999999999,0.552716,-1.278923,0.159012,0.40266599999999997,-1.508248,-0.970894,-0.5396770000000001,-0.9183209999999999,0.239085,0.186594,-0.198177,2
268,0.687804,1.346443,0.357199,0.552716,0.183551,-0.358527,-0.38589,-1.508248,-0.970894,-0.5396770000000001,1.086873,0.239085,-1.073483,-0.153765,1
269,0.687804,-1.30855,-0.976188,-1.8160669999999999,-0.401439,-0.358527,-0.622456,-1.508248,-0.970894,-0.5396770000000001,-0.9183209999999999,0.239085,-0.7234619999999999,-0.198177,1
270,-1.449964,-1.165891,1.118255,0.552716,-1.8639130000000002,-1.911143,-0.7013119999999999,-1.508248,-0.970894,-0.5396770000000001,-0.9183209999999999,0.239085,-1.073483,-0.188437,1
271,-1.449964,0.570789,0.254631,0.552716,-0.9864280000000001,-0.358527,-0.38589,1.3745530000000001,-0.970894,-0.5396770000000001,1.086873,0.239085,-1.073483,-0.198177,2
272,-1.449964,-1.301716,-0.933109,0.552716,-0.401439,-0.358527,-0.661884,-1.508248,-0.970894,-0.5396770000000001,-0.9183209999999999,0.239085,0.09325399999999999,-0.197982,1
273,0.687804,-0.631988,-0.796693,0.552716,1.061036,-0.358527,0.757517,1.3745530000000001,1.300011,-0.089946,1.086873,0.239085,1.9600349999999997,0.191404,2
274,0.687804,-0.283456,0.075136,0.552716,1.93852,-0.358527,0.796944,1.3745530000000001,1.300011,-0.089946,-0.9183209999999999,0.239085,1.376666,-0.19681300000000002,2
275,0.687804,-0.40475900000000004,-0.8654139999999999,0.552716,-0.9864280000000001,-1.911143,-0.7013119999999999,-1.508248,-0.970894,-0.5396770000000001,-0.9183209999999999,0.239085,-0.49011400000000005,-0.198177,1
276,-1.449964,0.791184,-0.25821,0.552716,-1.278923,0.159012,-0.543601,-1.508248,-0.970894,-0.5396770000000001,-0.9183209999999999,-3.127628,5.693596,-0.198177,1
277,0.687804,-0.845549,-0.737204,-1.8160669999999999,-0.9864280000000001,-0.358527,0.087244,1.3745530000000001,1.300011,-0.314812,-0.9183209999999999,0.239085,-0.023419,-0.19428099999999998,1
278,0.687804,1.425034,4.169658999999999,0.552716,0.476046,-0.358527,-0.149323,1.3745530000000001,1.300011,0.134919,-0.9183209999999999,0.239085,-0.37344099999999997,-0.19545,2
279,0.687804,2.0802400000000003,1.382881,0.552716,-1.8639130000000002,-1.911143,0.8758,1.3745530000000001,1.300011,0.58465,-0.9183209999999999,0.239085,-1.073483,1.5259120000000002,2
280,-1.449964,3.240304,0.254631,0.552716,-1.8639130000000002,-1.911143,-0.7013119999999999,-1.508248,-0.970894,-0.5396770000000001,-0.9183209999999999,-3.127628,-1.073483,-0.198177,1
281,-1.449964,0.44265200000000005,0.075136,0.552716,0.768541,-0.358527,0.8758,1.3745530000000001,-0.970894,-0.5396770000000001,1.086873,0.239085,-1.073483,0.5809840000000001,2
282,-1.449964,1.4891020000000001,-0.6684829999999999,0.552716,-0.693933,-0.876066,-0.7013119999999999,1.3745530000000001,-0.970894,-0.5396770000000001,1.086873,0.239085,-0.49011400000000005,-0.192917,1
283,-1.449964,0.14366700000000002,-0.36077800000000004,-1.8160669999999999,-0.401439,-0.358527,-0.070467,-1.508248,-0.970894,-0.5396770000000001,-0.9183209999999999,0.239085,-0.023419,-0.198177,1
284,0.687804,-0.8241930000000001,-0.8736200000000001,0.552716,0.183551,-0.358527,-0.661884,-1.508248,-0.970894,-0.5396770000000001,-0.9183209999999999,0.239085,1.026645,-0.198177,1
285,0.687804,-0.333002,-0.822335,0.552716,1.061036,1.711628,-0.649267,-1.508248,-0.970894,-0.5396770000000001,1.086873,0.239085,0.20992800000000003,-0.149284,1
286,0.687804,-0.682388,-0.6089939999999999,0.552716,0.183551,-0.358527,-0.530984,-1.508248,-0.970894,-0.5396770000000001,1.086873,0.239085,-0.280102,-0.197982,1
287,-1.449964,-0.567919,-0.719767,0.552716,-1.8639130000000002,-1.911143,-0.7013119999999999,1.3745530000000001,-0.970894,-0.5396770000000001,-0.9183209999999999,0.239085,-0.606788,-0.198177,1
288,-1.449964,-0.155319,-0.839772,0.552716,0.476046,-0.358527,-0.622456,-1.508248,-0.970894,-0.5396770000000001,1.086873,0.239085,0.676623,-0.198177,1
289,-1.449964,-1.251315,-0.8736200000000001,0.552716,-1.278923,-0.358527,-0.649267,-1.508248,1.300011,0.809515,1.086873,0.239085,0.326602,-0.191359,1
290,0.687804,-0.731934,-0.8479770000000001,-1.8160669999999999,-0.401439,-0.358527,-0.661884,1.3745530000000001,-0.970894,-0.5396770000000001,-0.9183209999999999,0.239085,-0.023419,-0.197982,1
291,0.687804,-0.810525,-0.805924,0.552716,0.183551,1.711628,-0.018422,-1.508248,-0.970894,-0.5396770000000001,1.086873,0.239085,-0.326771,-0.198177,2
292,0.687804,0.207735,-0.053074,0.552716,-0.401439,-0.358527,-0.38589,1.3745530000000001,-0.970894,-0.5396770000000001,1.086873,0.239085,0.326602,-0.198177,1
293,0.687804,0.570789,1.100818,-1.8160669999999999,-0.9864280000000001,-0.358527,-0.661884,-1.508248,-0.970894,-0.5396770000000001,-0.9183209999999999,0.239085,-0.140093,-0.198177,1
294,0.687804,-0.19803099999999998,1.6905860000000001,0.552716,-1.571418,1.711628,-0.543601,-1.508248,-0.970894,-0.5396770000000001,-0.9183209999999999,0.239085,0.256598,-0.198177,1
295,0.687804,1.083336,1.2803129999999998,-1.8160669999999999,-1.571418,-0.358527,-0.22817800000000002,1.3745530000000001,-0.970894,-0.5396770000000001,-0.9183209999999999,-3.127628,-1.073483,-0.198177,1
296,0.687804,-0.418426,-0.10435799999999999,0.552716,1.646025,-0.358527,0.65185,1.3745530000000001,1.300011,-0.314812,1.086873,0.239085,-0.37344099999999997,-0.198177,2
297,0.687804,0.24361300000000002,-0.10435799999999999,0.552716,-1.278923,0.159012,0.323811,1.3745530000000001,1.300011,-0.089946,-0.9183209999999999,0.239085,0.524948,-0.079355,2
298,-1.449964,-0.176675,-0.7536149999999999,-1.8160669999999999,1.93852,-0.358527,-0.38589,-1.508248,-0.970894,-0.5396770000000001,-0.9183209999999999,0.239085,0.55995,-0.195645,1
299,0.687804,0.271803,2.100859,0.552716,1.35353,1.1940899999999999,0.9940829999999999,1.3745530000000001,1.300011,1.484111,1.086873,0.239085,-1.073483,-0.172075,2
300,-1.449964,0.200901,-0.651046,-1.8160669999999999,-1.8639130000000002,-1.911143,-0.7013119999999999,1.3745530000000001,-0.970894,-0.5396770000000001,-0.9183209999999999,0.239085,0.793297,-0.198177,1
301,0.687804,-0.7174119999999999,-0.976188,0.552716,0.183551,-0.358527,-0.7013119999999999,-1.508248,-0.970894,-0.5396770000000001,-0.9183209999999999,3.6057989999999998,-8.499999999999999e-05,-0.198177,2
302,-1.449964,-0.5610850000000001,1.2803129999999998,-1.8160669999999999,-0.401439,-0.358527,0.718089,1.3745530000000001,-0.970894,-0.5396770000000001,-0.9183209999999999,0.239085,-0.37344099999999997,-0.198177,1
303,0.687804,0.713448,-0.8654139999999999,-1.8160669999999999,-0.401439,-0.358527,-0.543601,1.3745530000000001,1.300011,0.134919,-0.9183209999999999,0.239085,0.09325399999999999,-0.003387,2
304,0.687804,-0.7037439999999999,1.408523,-1.8160669999999999,0.476046,-0.358527,-0.437934,1.3745530000000001,-0.970894,-0.5396770000000001,1.086873,0.239085,-0.140093,-0.13974,2
305,-1.449964,-1.0949879999999999,0.562335,0.552716,1.061036,-0.358527,0.15348299999999998,1.3745530000000001,1.300011,0.58465,-0.9183209999999999,0.239085,-8.499999999999999e-05,5.007788,2
306,0.687804,0.855253,-0.6171989999999999,0.552716,-0.9864280000000001,-0.358527,-0.635073,1.3745530000000001,-0.970894,-0.5396770000000001,-0.9183209999999999,0.239085,-0.140093,-0.198177,1
307,-1.449964,-0.354358,1.9982900000000001,0.552716,1.93852,1.711628,0.271766,1.3745530000000001,1.300011,-0.314812,-0.9183209999999999,0.239085,-0.37344099999999997,-0.19603399999999999,2
308,-1.449964,-0.9454959999999999,1.451602,0.552716,0.183551,1.711628,1.191222,1.3745530000000001,-0.970894,-0.5396770000000001,-0.9183209999999999,0.239085,0.9099709999999999,-0.198177,2
309,0.687804,0.065076,-0.463347,0.552716,0.183551,-0.358527,-0.30703400000000003,-1.508248,-0.970894,-0.5396770000000001,1.086873,0.239085,0.55995,-0.198177,1
310,0.687804,1.3754879999999998,-0.463347,0.552716,-0.108944,0.159012,0.087244,1.3745530000000001,1.300011,2.158707,1.086873,0.239085,1.318329,0.290747,2
311,0.687804,-0.610632,1.55417,0.552716,1.061036,1.711628,-0.20136700000000002,1.3745530000000001,-0.970894,-0.5396770000000001,1.086873,0.239085,-0.37344099999999997,-0.198177,2
312,0.687804,-0.895949,1.0926129999999998,-1.8160669999999999,0.768541,1.711628,-0.30703400000000003,-1.508248,-0.970894,-0.5396770000000001,-0.9183209999999999,0.239085,0.443276,-0.198177,1
313,0.687804,1.9444150000000002,0.408483,0.552716,0.183551,1.711628,0.126672,1.3745530000000001,1.300011,1.9338419999999998,1.086873,0.239085,-1.073483,-0.14285599999999998,2
314,0.687804,0.307682,-0.463347,0.552716,-0.9864280000000001,-0.358527,0.718089,1.3745530000000001,1.300011,1.034381,-0.9183209999999999,0.239085,-0.19843,0.049207,2
315,0.687804,0.962033,-0.027431999999999998,0.552716,1.061036,-0.358527,0.743323,1.3745530000000001,-0.970894,-0.5396770000000001,-0.9183209999999999,-3.127628,-1.073483,-0.198177,2
316,0.687804,-1.144535,-0.471552,0.552716,0.183551,1.1940899999999999,-0.39850599999999997,-1.508248,1.300011,-0.089946,1.086873,0.239085,-0.140093,-0.083835,1
317,0.687804,-0.34069,-0.309494,-1.8160669999999999,1.061036,1.711628,0.902611,-1.508248,1.300011,-0.089946,1.086873,0.239085,1.079148,-0.197982,1
318,0.687804,-0.7251,1.382881,0.552716,-1.278923,-0.358527,0.40266599999999997,1.3745530000000001,1.300011,1.484111,-0.9183209999999999,0.239085,-0.746797,-0.053641999999999995,2
319,-1.449964,-1.144535,1.0751760000000001,-1.8160669999999999,1.061036,1.711628,-0.649267,-1.508248,-0.970894,-0.5396770000000001,-0.9183209999999999,0.239085,0.9099709999999999,-0.198177,1
320,0.687804,-0.973686,0.177705,0.552716,0.476046,-0.358527,-0.16194,1.3745530000000001,-0.970894,-0.5396770000000001,-0.9183209999999999,-3.127628,-0.37344099999999997,-0.198177,2
321,-1.449964,-0.9241389999999999,1.1264610000000002,0.552716,1.061036,-0.358527,-0.477362,1.3745530000000001,1.300011,-0.089946,1.086873,0.239085,-0.787633,-0.198177,2
322,0.687804,0.670736,-0.625404,-1.8160669999999999,-0.108944,-0.358527,-0.649267,-1.508248,-0.970894,-0.5396770000000001,-0.9183209999999999,-3.127628,1.259992,-0.198177,1
323,-1.449964,-1.287193,-0.719767,0.552716,1.061036,-0.358527,-0.622456,-1.508248,1.300011,-0.314812,-0.9183209999999999,0.239085,-0.443445,-0.179087,1
324,-1.449964,-0.5115390000000001,-0.976188,0.552716,0.183551,-0.358527,-0.7013119999999999,-1.508248,-0.970894,-0.5396770000000001,-0.9183209999999999,3.6057989999999998,-8.499999999999999e-05,-0.198177,2
325,-1.449964,-1.009564,-0.822335,0.552716,0.183551,-0.358527,-0.45055100000000003,1.3745530000000001,1.300011,0.58465,1.086873,0.239085,-0.256767,-0.197203,1
326,0.687804,0.43581800000000004,-0.309494,0.552716,1.061036,1.711628,2.13749,1.3745530000000001,-0.970894,-0.5396770000000001,1.086873,0.239085,-0.478447,-0.073706,2
327,0.687804,0.8338959999999999,-0.976188,0.552716,0.183551,0.159012,4.030024,1.3745530000000001,-0.970894,-0.5396770000000001,-0.9183209999999999,0.239085,-1.073483,-0.198177,2
328,0.687804,-0.596964,1.7931540000000001,-1.8160669999999999,-1.8639130000000002,-1.911143,-0.7013119999999999,-1.508248,-0.970894,-0.5396770000000001,-0.9183209999999999,0.239085,-8.499999999999999e-05,-0.198177,1
329,0.687804,2.0870740000000003,1.588017,0.552716,-0.9864280000000001,1.711628,1.8220669999999999,1.3745530000000001,-0.970894,-0.5396770000000001,1.086873,0.239085,-0.933475,0.196858,2
330,0.687804,1.332775,0.22078299999999998,0.552716,0.476046,-0.358527,1.033511,-1.508248,-0.970894,-0.5396770000000001,-0.9183209999999999,0.239085,1.639182,-0.168958,1
331,0.687804,-0.8882610000000001,-0.796693,-1.8160669999999999,0.183551,1.711628,-0.622456,-1.508248,-0.970894,-0.5396770000000001,-0.9183209999999999,0.239085,0.55995,-0.15844,1
332,0.687804,2.435606,1.9982900000000001,0.552716,-1.8639130000000002,-1.911143,4.976291000000001,1.3745530000000001,1.300011,2.833304,1.086873,0.239085,-1.073483,-0.003387,2
333,0.687804,0.24361300000000002,-0.702331,0.552716,-1.278923,0.159012,-0.661884,-1.508248,-0.970894,-0.5396770000000001,1.086873,0.239085,1.49334,0.678379,1
334,-1.449964,0.186379,-0.822335,0.552716,-0.9864280000000001,0.159012,-0.38589,1.3745530000000001,1.300011,0.134919,1.086873,0.239085,0.163259,-0.198177,1
335,0.687804,-0.127129,-0.762846,-1.8160669999999999,-1.278923,0.159012,-0.543601,1.3745530000000001,1.300011,1.708977,1.086873,0.239085,-0.30343600000000004,-0.192723,1
336,0.687804,-0.30481199999999997,-0.565915,0.552716,-0.9864280000000001,1.711628,0.612422,1.3745530000000001,1.300011,-0.089946,1.086873,0.239085,-0.017586,-0.198177,2
337,-1.449964,2.870416,1.8957220000000001,0.552716,-1.8639130000000002,-1.911143,-0.7013119999999999,1.3745530000000001,1.300011,1.9338419999999998,1.086873,0.239085,-1.073483,0.07453,2
338,0.687804,-1.073632,-0.6171989999999999,-1.8160669999999999,0.183551,-0.358527,0.035199,-1.508248,-0.970894,-0.5396770000000001,1.086873,0.239085,-0.42011000000000004,-0.197008,1
339,0.687804,2.208376,0.767472,0.552716,0.768541,1.711628,1.506645,1.3745530000000001,1.300011,0.134919,-0.9183209999999999,0.239085,-1.073483,-0.198177,2
340,-1.449964,1.3182530000000001,1.6905860000000001,0.552716,-1.278923,0.159012,0.927845,1.3745530000000001,1.300011,1.484111,1.086873,0.239085,-1.073483,-0.198177,2
341,0.687804,0.022364,-0.967982,-1.8160669999999999,-0.108944,-0.358527,-0.688695,-1.508248,-0.970894,-0.5396770000000001,-0.9183209999999999,0.239085,-1.073483,-0.198177,1
342,-1.449964,-0.255266,-0.25000500000000003,0.552716,-1.278923,0.159012,-0.543601,1.3745530000000001,-0.970894,-0.5396770000000001,1.086873,0.239085,-0.075923,-0.198177,1
343,0.687804,-1.237647,-0.958751,-1.8160669999999999,0.183551,-0.358527,-0.688695,-1.508248,-0.970894,-0.5396770000000001,-0.9183209999999999,0.239085,-0.256767,-0.057538,1
