A1,A2,Class
9.654958,4.002121,1
10.778071,3.215585,1
5.267417,-9.959199,1
7.845224,4.954154,1
7.035757,-5.301141,1
9.606799,-2.104352,1
3.962001,-7.405408,1
8.183808,3.318421,1
10.250772,-1.418516,1
9.09506,5.917628,1
10.792532,-3.693975,1
7.261197,7.290092,1
11.429837,-2.641325,1
11.706537,-1.709424,1
6.494197,-9.006839,1
5.354975,7.915557,1
7.878196,9.892851,1
10.414121,-1.214846,1
9.848344,1.597412,1
10.297573,-1.912816,1
2.647144,8.79899,1
7.396031,-9.736641,1
9.581865,-4.559351,1
8.542061,-2.99577,1
7.4739,-6.592291,1
8.819636,4.287728,1
11.200879,3.534303,1
8.573327,-6.210242,1
11.489807,-1.193062,1
8.164353,-4.081667,1
4.483642,-6.990524,1
7.167814,-8.281891,1
9.825191,1.392426,1
6.67554,6.511249,1
4.785993,7.298578,1
7.647445,3.205479,1
8.633718,-7.115972,1
10.934831,-0.598263,1
10.324304,6.561478,1
8.991858,1.602038,1
5.079432,-9.464006,1
9.717886,-4.71437,1
8.96026,-6.344336,1
8.625911,-7.013313,1
7.166123,-6.76692,1
3.744365,-7.077518,1
12.186194,-3.016652,1
8.828584,-5.532317,1
5.909786,-6.4773,1
10.368546,-1.353452,1
8.876742,-4.857807,1
7.084781,7.622271,1
6.031141,-8.894277,1
5.61265,8.503718,1
6.945329,6.504284,1
4.302014,6.656284,1
6.695367,5.405086,1
5.708724,-8.511848,1
10.205413,-3.89079,1
9.70781,5.454601,1
6.831971,-7.960355,1
8.018639,7.34814,1
8.851242,-1.008232,1
5.282302,9.425593,1
9.205443,-2.163688,1
6.855897,6.568967,1
5.627285,-7.573756,1
9.765849,2.262567,1
11.820763,-2.069046,1
9.441713,1.618342,1
9.135335,-7.303467,1
6.89951,4.342552,1
6.205307,-6.010458,1
9.34958,-4.757669,1
9.094186,0.207756,1
5.901737,8.019661,1
5.809153,-8.791543,1
9.579035,-0.255111,1
8.502228,-5.496591,1
8.321571,4.930693,1
9.211397,1.066331,1
7.487375,5.142148,1
8.335275,-5.416193,1
8.431554,5.584301,1
5.693769,-9.823038,1
8.112807,5.059747,1
5.947906,9.370912,1
11.515828,-3.001266,1
9.238337,-2.344231,1
11.211781,1.644837,1
10.087686,2.589666,1
7.532044,-4.37217,1
7.474647,6.148785,1
9.420267,6.865787,1
9.38006,0.745636,1
10.750471,-0.415847,1
6.653739,-7.721279,1
10.779223,2.348962,1
7.86425,-5.585976,1
9.821785,-1.896907,1
11.596542,-5.77667,1
7.976007,3.193951,1
8.69966,6.214977,1
10.204016,-4.751597,1
9.056849,-2.244938,1
7.526758,0.947411,1
10.82473,-2.960366,1
6.741538,8.331768,1
7.386822,-5.280952,1
9.898067,-3.209646,1
7.66951,-3.77146,1
10.556098,-1.285828,1
9.258853,-4.719242,1
10.033811,4.289394,1
10.244436,-3.846889,1
3.34224,7.605928,1
8.616876,-2.102349,1
9.124928,-5.627945,1
6.488926,-7.824934,1
8.37397,4.660057,1
10.287688,-1.051614,1
7.091406,-6.246335,1
5.934216,-8.352251,1
8.867653,-5.519776,1
8.152746,4.876869,1
7.508532,6.505928,1
7.082517,-6.588755,1
8.251806,2.05192,1
8.111996,2.151047,1
8.808692,-4.054223,1
10.560542,3.900236,1
4.228832,8.07432,1
6.076869,6.761137,1
7.924014,5.848477,1
9.734505,-3.084153,1
4.05804,-8.204161,1
10.03285,-2.56846,1
9.775104,-3.06446,1
8.24784,5.838157,1
10.833989,-1.399334,1
9.355459,3.297009,1
7.579206,7.774648,1
8.745953,4.637146,1
5.10342,-5.371535,1
8.171379,-2.746273,1
8.748416,5.35599,1
9.289156,-4.640128,1
8.480927,5.331646,1
8.081113,-4.865042,1
11.809012,-2.251935,1
7.178608,8.811361,1
5.234489,10.022397,1
9.69194,5.44641,1
8.852259,3.366986,1
5.614182,-7.914324,1
8.667004,-4.701205,1
9.005383,-5.334492,1
12.056128,-0.285922,1
9.655054,3.622645,1
7.855058,-4.99933,1
9.740544,3.166284,1
6.754347,-5.475136,1
5.387857,5.961392,1
6.716132,-4.733112,1
9.739586,2.009482,1
11.791969,2.383472,1
7.649673,5.966344,1
9.745975,0.917104,1
8.960332,-1.712821,1
7.60768,-5.947623,1
8.484134,3.300964,1
9.038973,8.749556,1
8.741835,4.278073,1
7.098063,5.17252,1
9.765205,5.277456,1
8.241422,6.522099,1
7.473792,-4.915627,1
7.351292,-5.463345,1
7.118646,-5.420593,1
9.368274,4.728168,1
6.747005,7.72824,1
8.234002,-4.54937,1
10.613124,-3.401837,1
6.68965,5.506966,1
6.028422,-7.946635,1
9.437682,-0.383415,1
9.764384,2.843946,1
10.049532,1.470184,1
5.648259,-7.257545,1
5.049531,9.746744,1
4.902272,-10.440608,1
6.879455,-7.523766,1
6.215168,-6.137954,1
10.298201,-3.111446,1
9.118228,5.191273,1
8.67522,-8.416096,1
9.22759,-0.016577,1
4.401248,-8.198075,1
7.743813,3.380349,1
8.107254,-5.326376,1
10.530442,-0.731921,1
9.008841,2.945851,1
3.809234,-7.87972,1
6.440969,7.691587,1
3.821344,7.715796,1
7.559748,-5.282309,1
5.831034,-7.381075,1
8.313191,-3.927157,1
9.150277,1.582215,1
6.483126,5.998038,1
8.524362,-3.397015,1
11.153857,-1.536686,1
10.30839,-0.622459,1
11.428574,2.344882,1
7.189121,6.201037,1
8.747232,4.310039,1
8.831154,-4.622798,1
8.161361,-7.887074,1
7.578536,-6.049373,1
5.459832,-7.450494,1
10.627812,-2.792109,1
9.349079,5.358318,1
9.968281,-1.521583,1
7.883834,3.223182,1
8.587659,-2.979572,1
5.244374,-8.502474,1
8.033548,-4.421432,1
8.628994,7.158419,1
10.615155,1.110243,1
5.555627,-7.260904,1
7.933619,-7.271801,1
7.399849,-7.508703,1
5.99186,-6.95889,1
8.348315,3.541495,1
7.969804,-5.88748,1
9.512123,5.762774,1
10.011161,1.653274,1
7.071483,7.356276,1
2.877972,8.391294,1
6.255235,-6.71572,1
4.682982,9.441082,1
9.545808,-2.968001,1
9.144629,-1.10477,1
8.321456,5.553642,1
6.376981,8.680885,1
12.183811,1.748698,1
6.462375,-8.571078,1
10.540309,0.405712,1
9.56876,0.276576,1
7.85344,-6.507842,1
7.167927,-4.307099,1
4.027201,9.05466,1
6.860484,8.025664,1
7.169195,-4.699135,1
9.064087,6.176723,1
9.486737,-4.548548,1
8.963552,3.623983,1
9.83203,-2.537419,1
11.506627,4.619953,1
10.198368,0.944586,1
11.670439,-0.404253,1
5.055868,-8.914788,1
8.944096,-3.479587,1
5.021582,-7.909646,1
6.091233,-9.285151,1
9.4097,-0.642471,1
9.915461,1.680865,1
5.123703,9.639065,1
8.782502,3.615687,1
7.419467,-4.898984,1
8.876316,3.502589,1
8.755177,3.742302,1
7.953921,-9.426312,1
9.503549,1.940263,1
6.441406,6.454955,1
9.862852,-0.108422,1
9.246924,4.053879,1
10.059663,1.525438,1
6.337476,-8.089185,1
7.319284,-8.387844,1
9.875879,-0.696296,1
8.18908,-1.575812,1
3.925099,9.081923,1
9.062741,3.736465,1
6.346824,8.249717,1
7.620653,-6.747117,1
7.878181,-9.511384,1
9.40432,-1.222069,1
8.721271,2.218078,1
7.17233,8.300667,1
5.040421,-8.805145,1
6.568667,-8.452462,1
6.263912,-6.45854,1
10.176559,4.143572,1
6.205789,8.575644,1
6.674844,-8.465003,1
8.727545,3.580391,1
6.705992,-7.026776,1
6.080466,7.942731,1
9.445763,-2.579139,1
10.237939,-0.462074,1
9.681716,-0.659569,1
9.205112,3.845179,1
10.741839,-2.279433,1
7.943411,-6.237888,1
11.403438,2.265847,1
10.729848,0.652055,1
9.866718,1.661528,1
7.878438,-7.317873,1
8.482455,-3.725457,1
9.849957,-0.270757,1
8.348017,4.412131,1
7.608357,4.476065,1
11.25174,3.861696,1
9.608668,-3.242232,1
8.986425,2.796137,1
8.587481,-4.671218,1
9.034749,1.543173,1
10.279595,3.840822,1
7.055405,7.85517,1
8.692288,0.74066,1
4.425864,8.242392,1
7.676925,7.962726,1
6.641002,-7.669343,1
6.852537,7.294426,1
8.57553,-4.834257,1
7.472764,7.025848,1
8.489006,3.998723,1
8.350647,5.057415,1
6.841953,7.195903,1
11.132959,-1.312278,1
4.191812,7.075663,1
8.836675,7.791126,1
9.63886,2.738031,1
7.411393,-6.962551,1
11.086277,0.67128,1
6.65727,-7.673365,1
9.092093,-0.803098,1
9.713438,-3.510617,1
9.019161,6.151787,1
8.532881,5.011177,1
8.072289,-0.227641,1
7.717336,4.526023,1
5.579918,-7.630553,1
8.887104,-4.142071,1
5.077559,-6.570221,1
7.450496,8.295029,1
6.458082,-5.595773,1
8.215991,7.98879,1
9.859496,-1.410936,1
10.601012,0.311094,1
9.588174,-1.874981,1
4.255283,8.831518,1
9.57133,1.5083,1
7.701974,-4.740232,1
11.956798,1.950196,1
5.71378,7.543108,1
10.074042,3.277078,1
5.637664,-8.199,1
11.180872,-1.222485,1
9.764226,1.803949,1
8.313302,-4.246394,1
7.153541,6.373221,1
7.243616,-3.344866,1
8.776299,-4.719749,1
8.874151,-4.769019,1
7.25706,-4.154476,1
9.558711,6.005061,1
10.755948,-0.043253,1
11.275078,-0.563824,1
9.88843,0.928309,1
10.20632,4.572865,1
8.199986,0.820614,1
6.37644,7.601676,1
9.274329,1.368109,1
6.706037,7.254672,1
4.711065,6.420533,1
8.605819,0.810936,1
5.887864,5.603786,1
5.698966,-5.689378,1
10.146666,-0.447759,1
9.153075,-3.40409,1
8.801608,-2.573349,1
11.051893,0.867945,1
8.2638,-8.104029,1
7.910163,1.268337,1
6.65323,-7.766706,1
4.608189,-8.637556,1
10.248436,-0.631102,1
7.341385,-8.270157,1
8.536764,5.508716,1
9.024548,4.999844,1
10.126482,-3.796949,1
8.929165,-4.358219,1
5.937328,6.057474,1
8.934253,-3.863711,1
9.469487,0.149216,1
9.600844,5.838885,1
6.618211,-6.267426,1
9.693867,-1.127856,1
6.750526,7.264849,1
9.818453,3.933389,1
7.308696,7.146952,1
8.921432,-5.813523,1
9.100668,5.854106,1
7.199139,-6.703396,1
10.531527,-3.142844,1
5.769891,-6.95954,1
9.334138,1.080998,1
11.883394,-1.746058,1
6.165293,9.335178,1
7.250722,-6.529575,1
4.191887,-10.178883,1
8.261175,1.930517,1
8.997707,1.462031,1
10.330967,0.863299,1
9.40241,-2.852288,1
8.890965,1.694744,1
9.198438,-4.282777,1
6.716056,9.032309,1
7.52866,7.32298,1
5.221452,8.597315,1
9.257814,-2.578238,1
5.491103,8.869391,1
9.316414,-0.617024,1
7.913352,3.834192,1
10.029809,-0.724994,1
5.980518,8.777759,1
6.060672,5.515808,1
10.293861,3.484627,1
11.169671,-1.306598,1
10.386355,-2.847032,1
6.683582,9.893058,1
5.16563,-7.231147,1
9.592854,-2.552732,1
6.986092,6.483806,1
10.610289,5.301693,1
10.342813,3.516372,1
8.860561,-5.286831,1
8.637124,4.956697,1
8.723795,7.172723,1
8.974762,0.773035,1
8.454528,2.118164,1
6.014935,7.084389,1
6.37469,6.081844,1
7.860606,2.171201,1
10.92546,0.742529,1
5.101536,-8.752661,1
8.321289,-5.012299,1
8.899322,2.180794,1
7.33136,5.395808,1
8.68269,3.938559,1
7.674642,-4.840987,1
9.296667,-2.120166,1
8.83809,0.455527,1
9.661616,-6.440069,1
8.725687,-1.886482,1
10.500048,0.346645,1
9.933131,-5.998306,1
7.838515,-3.173745,1
9.676784,-5.273109,1
9.307941,-4.014283,1
11.005464,0.334152,1
8.111419,7.121905,1
7.460264,-3.494714,1
7.21655,8.465144,1
6.939668,5.472817,1
11.022535,-3.690769,1
10.277997,-5.586256,1
8.536183,4.35526,1
10.623368,-0.059813,1
8.704791,-2.408214,1
4.596767,8.074821,1
8.220139,4.293568,1
9.63744,5.854903,1
7.523523,-4.298772,1
9.233116,1.325214,1
5.841142,-6.318999,1
4.803397,-6.425511,1
7.297676,4.757303,1
9.013128,-6.226032,1
9.095529,5.134888,1
6.810032,-6.822619,1
7.458777,-4.943487,1
8.809545,-3.893438,1
11.543503,1.034988,1
8.810226,-1.933454,1
9.72498,2.821018,1
9.868092,-0.279011,1
11.768136,-3.398485,1
8.533077,4.494897,1
7.425758,6.771015,1
9.484645,-4.24443,1
6.84544,-10.061487,1
9.909126,3.347225,1
5.95575,5.957218,1
7.616893,5.993023,1
9.749701,-2.342572,1
9.461248,6.310492,1
8.266333,-4.299448,1
10.05271,-3.55246,1
4.403864,8.14687,1
10.602609,1.471069,1
10.855112,0.28974,1
5.485464,-8.289128,1
9.770474,1.972892,1
9.920404,3.285866,1
7.520769,4.573336,1
8.535012,6.481837,1
8.759088,-3.982748,1
3.284018,7.727347,1
8.092461,0.00525,1
8.7294,6.692947,1
10.07044,-2.86422,1
10.307167,0.570221,1
8.252859,5.800348,1
12.045133,0.427421,1
7.574198,-5.719456,1
9.484485,-5.636149,1
9.453565,-2.219635,1
10.850489,3.274686,1
8.896831,4.543847,1
3.71174,-6.891521,1
4.955174,7.443785,1
10.372788,-2.015327,1
9.725669,-5.404523,1
7.421265,-5.71374,1
5.589306,-8.786299,1
11.340833,-0.407336,1
10.541287,3.101039,1
6.172741,-6.266697,1
8.487382,-4.497829,1
6.993957,-6.031276,1
8.804822,0.448366,1
11.76018,-3.619726,1
6.664124,-6.27692,1
8.892529,2.853679,1
5.173315,9.173238,1
9.82409,-0.052274,1
9.661968,-1.826478,1
7.084796,10.395005,1
9.310318,1.210775,1
9.478131,3.778478,1
10.462846,-0.532161,1
6.656666,6.981596,1
8.100407,6.47138,1
7.835405,-4.406806,1
6.853127,-6.420441,1
10.308468,-1.425219,1
6.938199,6.116539,1
7.581935,-3.878399,1
8.174789,8.15288,1
10.598043,0.427589,1
10.188097,-0.547253,1
7.911831,3.28093,1
5.930397,7.841006,1
10.972685,1.821404,1
9.546668,-2.280225,1
9.274264,6.546181,1
8.997173,5.320434,1
9.328901,1.075343,1
7.954002,-8.115098,1
8.687219,-3.004735,1
8.58603,2.663167,1
9.37298,5.841526,1
5.201845,-7.915594,1
7.476774,-2.907058,1
4.65472,-8.64911,1
8.591475,-0.718809,1
10.676841,0.373262,1
9.23667,-4.367112,1
7.021602,-6.845161,1
10.304894,0.011125,1
6.707649,6.277794,1
5.705702,-8.599871,1
9.488454,0.798652,1
9.4842,-5.115808,1
9.97066,0.690715,1
8.492371,-6.833311,1
10.342074,5.304143,1
4.353383,-9.527457,1
6.905265,-10.085946,1
10.190565,4.872893,1
6.611524,-7.793084,1
9.927238,4.435254,1
9.311042,5.036573,1
7.139253,-5.807545,1
5.911677,-9.079936,1
4.984763,-8.790077,1
10.194075,-3.087712,1
11.691927,-1.591962,1
5.446806,-6.654176,1
7.369268,7.519249,1
7.854422,5.873309,1
8.001157,7.169784,1
7.472593,5.263219,1
9.914927,1.335453,1
8.424923,4.14812,1
8.47679,-4.034131,1
6.711151,-8.059997,1
7.176015,-5.545189,1
6.358825,-5.61697,1
9.062467,2.396762,1
9.907833,2.653685,1
9.299052,-3.345824,1
7.632041,-8.412647,1
8.646734,5.792899,1
10.778489,3.665848,1
11.987564,0.778138,1
4.431164,-8.843733,1
6.363032,-7.372388,1
9.160045,6.725058,1
8.180861,-4.050944,1
7.16828,7.703486,1
7.975535,7.315614,1
11.274069,1.342024,1
6.097816,7.660654,1
8.130857,0.213029,1
5.11054,8.981502,1
6.012224,6.466648,1
7.189077,-7.214816,1
10.512775,-3.140289,1
9.696139,-3.786592,1
6.862858,7.034573,1
7.595756,3.865233,1
9.559085,4.003977,1
8.019814,3.079988,1
7.017663,6.608887,1
6.30118,7.255928,1
6.686451,7.290585,1
8.794307,1.647275,1
9.564469,4.57713,1
5.119399,-8.066195,1
11.277465,2.792758,1
9.590783,5.065305,1
11.635406,-0.14845,1
7.341171,6.653217,1
7.062915,7.721687,1
9.604648,-1.497892,1
9.50623,-1.414475,1
10.581727,2.661553,1
5.518295,6.953634,1
7.630881,5.002399,1
8.755855,5.418283,1
11.213332,-2.876229,1
7.59445,6.83154,1
9.065941,-0.100567,1
4.304871,7.026167,1
7.978943,-8.103951,1
9.596601,-2.342634,1
6.976274,7.645211,1
4.810572,8.31445,1
5.673269,6.75475,1
7.198253,-8.352133,1
8.448787,-2.914713,1
7.663858,-8.372372,1
5.712283,7.249942,1
5.618143,-8.365306,1
10.164983,-1.238469,1
7.568616,-4.192162,1
11.331314,4.823732,1
9.186789,0.095867,1
12.354073,-1.230338,1
4.366509,-4.860428,1
11.141067,4.070728,1
10.114615,3.339086,1
9.969741,-0.464009,1
10.757079,3.558681,1
11.228985,2.281577,1
5.874442,-8.141782,1
4.727605,10.265309,1
4.94731,-9.300903,1
10.132558,2.059505,1
6.252229,7.195251,1
7.513747,-6.326229,1
5.925682,-10.051074,1
8.659915,-0.47731,1
7.251846,-7.827006,1
4.391314,-7.716376,1
6.197317,7.549288,1
6.035034,8.617898,1
7.770354,6.618392,1
9.537546,-3.001202,1
10.264294,-3.515321,1
10.656008,1.395544,1
8.743793,3.450614,1
6.405392,7.810939,1
7.371198,-5.331544,1
7.150932,7.160803,1
9.857601,-0.887439,1
9.546757,0.910494,1
8.473591,6.530617,1
9.266801,4.670577,1
9.909613,4.539482,1
9.66057,3.712858,1
8.43012,3.275806,1
8.128682,4.148527,1
6.0933,8.959549,1
7.330272,6.799714,1
6.244896,8.160113,1
8.24392,2.323382,1
8.644991,-6.680378,1
5.495674,7.618263,1
10.734741,-2.090027,1
7.201493,6.562672,1
6.546153,10.420046,1
7.101788,5.2264,1
8.904196,4.403459,1
8.293208,2.790421,1
9.591702,0.346371,1
9.887873,-4.575631,1
7.142504,-6.75036,1
9.300299,-0.992379,1
10.907862,-1.923398,1
9.968937,-1.24455,1
9.855403,0.784817,1
8.75337,-7.17717,1
3.71365,-7.931506,1
6.973738,-9.418534,1
6.125434,-6.785972,1
9.997364,4.938684,1
10.428129,0.638975,1
8.071616,2.408421,1
9.808634,1.333371,1
9.424326,-1.83604,1
10.128511,2.824721,1
9.600532,0.50869,1
8.544104,4.660378,1
4.76293,-7.816986,1
8.493954,-5.823006,1
9.198025,5.006002,1
10.328029,-1.99601,1
9.813868,2.755157,1
6.227294,7.86043,1
9.4995,6.856567,1
7.061665,-8.518702,1
10.360498,0.990071,1
8.860154,3.076748,1
10.215488,-4.696491,1
8.162148,3.054345,1
7.381407,5.616555,1
7.011067,7.057162,1
4.420262,-7.176409,1
8.420705,-6.073742,1
5.688178,10.593999,1
6.435118,6.159997,1
8.77175,4.61059,1
8.175985,-5.732055,1
8.705721,5.753846,1
10.68788,-0.594649,1
5.672094,7.077716,1
8.615435,-6.823799,1
9.966043,0.005789,1
7.412164,-5.442742,1
10.073946,-2.414131,1
8.442326,-5.063575,1
7.138411,5.658938,1
7.283993,-4.120505,1
9.914596,-0.918409,1
9.890554,-0.548817,1
5.375534,8.527967,1
10.789339,0.57468,1
3.772149,8.228132,1
10.912129,-1.673896,1
8.876541,-4.802965,1
4.731408,8.740453,1
10.920334,4.394091,1
8.485008,5.533098,1
4.819997,8.620108,1
5.534304,-9.43125,1
6.954978,-5.8653,1
6.065809,5.578535,1
7.98598,7.277596,1
6.824252,-6.987488,1
8.401801,-0.431952,1
8.328824,0.717838,1
9.556878,-0.258043,1
7.026186,-7.985632,1
8.354724,1.488968,1
9.325027,5.868933,1
8.040059,0.369375,1
9.501871,4.810495,1
6.144672,-6.526274,1
4.94885,6.201967,1
9.689799,1.61147,1
9.955245,0.501939,1
6.244868,-7.246087,1
4.873273,6.685883,1
10.320139,-0.869759,1
7.690913,-4.07847,1
7.480713,-8.54164,1
8.513523,7.589869,1
5.817832,-8.855863,1
8.412644,5.704467,1
8.392148,-1.292153,1
8.545165,-0.628803,1
6.397314,9.073122,1
8.173739,6.257089,1
10.298666,3.716065,1
5.728514,5.300349,1
7.812131,-6.539155,1
5.820817,-6.615253,1
8.015182,-3.094095,1
6.958942,-6.042871,1
9.833724,0.415113,1
10.686323,1.076762,1
6.976498,4.177446,1
6.804122,-7.502969,1
6.622439,-6.784294,1
9.49674,0.972276,1
7.309917,6.601766,1
9.608963,0.304238,1
10.320737,0.052341,1
4.709768,-7.707205,1
8.868641,3.950845,1
9.832748,1.982309,1
8.81533,-4.465757,1
10.043095,-2.416178,1
5.77857,8.37079,1
7.960344,5.929004,1
7.206374,-7.618252,1
6.39603,-8.467883,1
10.2941,2.966969,1
8.329505,-6.689165,1
6.114968,6.611249,1
8.580461,-2.424834,1
8.418532,7.782001,1
5.116573,7.085206,1
7.532569,-0.394063,1
9.575087,2.471628,1
9.875509,2.286386,1
5.35155,-8.88624,1
7.229068,3.502331,1
8.419755,3.46131,1
8.970645,1.750101,1
7.571893,-6.306553,1
8.086934,-5.493948,1
9.033639,4.417177,1
10.263843,3.033347,1
7.584795,-6.785133,1
9.424973,-1.420262,1
8.229087,-6.478376,1
2.901337,9.774733,1
10.031789,0.640103,1
8.737733,-7.381109,1
8.557862,6.534385,1
8.165609,5.071381,1
8.892156,5.140867,1
5.046025,-7.954909,1
4.440372,5.426888,1
8.988325,5.69025,1
9.379543,-1.400122,1
10.841411,-0.859977,1
8.13454,-3.223669,1
9.710849,-1.227517,1
8.046345,-7.433076,1
6.846703,6.6871,1
6.195801,4.974951,1
9.59312,4.093848,1
9.56417,-6.468695,1
6.807298,6.131987,1
5.066403,-9.700541,1
9.487865,3.047735,1
10.94831,-0.418676,1
8.927466,-5.303424,1
10.601058,0.286668,1
8.23,-6.49539,1
9.262559,5.028857,1
11.085607,-0.866926,1
6.088791,-9.855289,1
9.610134,-6.418654,1
8.344745,5.098043,1
9.668068,2.324596,1
10.023986,-6.76357,1
5.970292,7.631539,1
8.378264,-4.698942,1
9.258564,-0.44978,1
6.150667,-6.264437,1
7.044108,6.235535,1
5.577122,9.422705,1
4.196276,-8.719328,1
11.595187,0.594018,1
6.017928,-7.112846,1
6.155727,-6.580803,1
7.508911,-9.186077,1
9.518318,-0.510489,1
7.800312,-3.918646,1
8.049119,1.686949,1
8.89262,-1.682591,1
9.705082,7.846143,1
9.497597,-1.16638,1
7.537075,6.133481,1
8.874075,0.000258,1
9.338648,2.11437,1
8.870055,-2.968501,1
9.60192,0.303202,1
3.777435,-7.336025,1
8.382019,-7.469553,1
9.869835,0.469445,1
7.754319,7.921449,1
9.555285,-6.063249,1
3.885043,-8.915509,1
7.137449,-8.711251,1
7.73784,-5.361023,1
8.341744,-6.089078,1
6.188535,6.724374,1
9.950171,1.447005,1
6.374496,6.89563,1
9.643264,-4.414388,1
9.763711,-5.548042,1
10.177389,1.358913,1
8.039171,5.898695,1
6.241447,7.707517,1
10.675571,4.148006,1
6.980545,-3.030003,1
5.38516,9.489086,1
9.016708,5.319486,1
9.635432,-3.391012,1
10.303021,4.914101,1
6.968399,-6.336578,1
10.012074,2.674645,1
10.394372,2.858473,1
6.851405,8.074544,1
9.434828,-0.399446,1
3.822986,9.662191,1
6.457668,-8.093787,1
10.442026,-1.399736,1
9.161709,4.938266,1
7.598389,7.265935,1
8.347772,-2.316396,1
6.456105,8.003877,1
9.892123,0.563561,1
6.756485,8.644851,1
9.780096,-1.050546,1
8.518019,-2.213511,1
9.58882,-4.5621,1
11.348096,-5.03708,1
6.980988,6.65695,1
10.848916,4.43086,1
7.77312,5.100371,1
9.929173,4.598378,1
6.950161,-6.840212,1
9.609939,5.615139,1
9.997765,-2.012595,1
9.083153,-1.36748,1
9.198223,-1.404257,1
7.585092,-6.23432,1
8.848742,1.385057,1
6.093556,9.767817,1
8.384418,-0.197151,1
7.433102,7.413271,1
7.141881,-6.933297,1
8.743929,2.968721,1
6.676103,7.297093,1
8.381927,-5.868166,1
9.992444,1.580012,1
4.532573,-10.022959,1
7.118017,7.352177,1
6.603438,-5.496779,1
9.943069,3.990941,1
8.75042,-5.72889,1
6.42232,-6.038702,1
9.931325,-3.808556,1
10.377782,2.4277,1
6.479897,-7.128481,1
9.776001,-2.684505,1
9.444865,-3.151794,1
7.044116,8.226424,1
9.428127,2.112368,1
10.314455,2.547065,1
9.183811,5.802308,1
9.584852,-6.660786,1
5.792083,-7.853072,1
5.624191,-9.151265,1
11.09368,3.108989,1
6.398386,-8.058812,1
7.128855,7.864681,1
7.50082,-3.652613,1
8.033908,-6.976393,1
7.605291,7.092795,1
8.095728,2.899735,1
8.817579,-2.87472,1
9.430231,-3.11042,1
6.959286,-7.012715,1
9.068223,-2.96047,1
7.327549,6.289577,1
6.61911,-6.293542,1
9.088841,1.684971,1
9.779879,-1.747917,1
7.408624,-4.606144,1
7.831363,-3.109269,1
8.45653,7.935751,1
7.22536,4.760699,1
7.034556,-7.623056,1
10.391867,-2.525046,1
10.476554,-0.301941,1
7.424523,4.458068,1
7.87831,5.218777,1
5.81836,6.736758,1
6.346668,7.017193,1
5.753111,-0.054503,2
4.265359,-2.363054,2
6.955754,-0.86225,2
2.573893,-5.423572,2
4.882004,-4.312621,2
2.211644,4.39055,2
6.821052,1.589313,2
6.074936,-1.484226,2
6.574386,-2.698048,2
2.310318,5.24517,2
7.259422,2.218309,2
5.7542,-1.76562,2
6.499405,-2.928938,2
6.868935,-2.589166,2
4.36377,6.637081,2
6.6217,2.733389,2
4.286691,-3.38078,2
6.960001,-0.004968,2
2.485539,5.340698,2
4.150043,4.17095,2
5.100864,-4.844705,2
6.493131,-3.421924,2
4.639987,-0.499505,2
7.671419,0.537022,2
6.069157,0.617913,2
6.640925,-2.299317,2
5.406285,3.238857,2
7.88272,-1.464062,2
5.236079,2.804917,2
6.159281,0.896864,2
5.934961,-1.902523,2
6.187987,-2.785352,2
4.343877,-3.0914,2
4.948481,1.669589,2
4.330409,-0.871102,2
5.778539,-0.13987,2
3.796246,4.828066,2
6.278421,2.127149,2
6.461254,1.129765,2
6.408648,-4.502101,2
5.586696,-1.513609,2
5.187401,1.339771,2
5.748774,2.240766,2
5.272666,-3.188887,2
6.191893,2.145329,2
5.310294,-0.388215,2
2.110846,3.408792,2
3.908039,-4.66947,2
5.504159,4.238858,2
4.533752,-5.791131,2
6.034142,1.984558,2
2.428099,3.879808,2
4.829485,4.134995,2
4.591442,4.657573,2
8.046116,3.870922,2
4.32218,5.449001,2
5.141988,-2.445718,2
3.685201,-1.388841,2
3.635351,-4.69719,2
4.311871,4.186625,2
5.829383,-2.213477,2
4.205667,1.419758,2
4.115281,4.471271,2
6.981439,4.030496,2
6.520293,-1.40769,2
6.697742,-0.807358,2
5.494223,4.978092,2
7.006129,-2.697558,2
8.050445,1.83412,2
4.049592,7.418632,2
4.104428,2.934572,2
6.233925,-1.440834,2
6.035646,0.056938,2
3.951482,-3.206292,2
6.203623,2.881124,2
3.953037,5.635258,2
7.390633,-0.666561,2
5.926921,-0.9742,2
4.50867,-4.144679,2
7.170382,-0.686952,2
4.13348,1.613111,2
4.05643,5.42423,2
5.690603,-4.060956,2
4.176718,-5.463747,2
6.470693,3.877557,2
5.791027,-0.498627,2
5.110528,1.342176,2
5.391958,-4.112392,2
5.087212,3.906053,2
6.622187,1.414283,2
5.081076,3.431641,2
4.236774,-4.384333,2
4.092651,-2.134458,2
2.669081,-5.979243,2
0.914383,-4.803184,2
5.6496,1.70381,2
5.983994,-3.661219,2
6.359576,-0.08256,2
4.580351,-3.205974,2
0.761601,-4.609529,2
6.672983,-2.299355,2
4.731563,-5.120392,2
6.133786,4.882836,2
7.355954,-0.075991,2
3.122734,-6.445151,2
7.499671,1.737667,2
3.500396,4.397091,2
2.988519,3.436038,2
5.850464,-2.365407,2
6.457554,0.791086,2
4.394588,3.608948,2
4.061594,-4.788042,2
4.978622,-0.879379,2
6.745922,-0.454688,2
4.461853,-0.574687,2
3.76448,-4.390456,2
4.197456,-1.915328,2
5.311211,-2.354215,2
4.135068,3.282819,2
6.52765,3.661645,2
4.370738,-3.78881,2
5.563206,2.465592,2
4.727014,-2.100279,2
4.458729,3.918188,2
5.312206,-1.969916,2
7.71653,-1.026357,2
6.197936,0.233306,2
4.972575,1.424518,2
5.85711,-2.936669,2
5.865684,-1.974105,2
4.872376,1.339911,2
4.302897,6.488466,2
5.905056,0.223528,2
5.786707,3.865471,2
5.553777,-1.102971,2
4.314192,5.171312,2
5.137117,0.480027,2
6.493429,-0.820521,2
4.798735,-5.059992,2
7.880265,-2.678099,2
3.547294,3.357021,2
5.933037,2.14253,2
4.470726,2.688211,2
6.999506,-4.42064,2
4.628768,-3.026638,2
3.583361,-4.019071,2
4.67645,2.607639,2
6.847447,0.069368,2
3.823366,-3.734084,2
3.169383,-6.287675,2
5.829464,-3.540499,2
1.653038,4.952172,2
5.627681,0.752775,2
5.53002,5.888714,2
5.761738,-4.290069,2
4.975372,3.122813,2
6.14369,3.885074,2
5.894189,-1.471524,2
3.747175,-2.741921,2
3.299291,-5.514555,2
6.440332,-1.832309,2
6.297964,3.275315,2
5.374373,-1.866052,2
4.27658,-3.848036,2
4.195573,-4.248175,2
5.903301,2.334721,2
6.732484,1.219321,2
5.165024,-4.321336,2
6.220733,5.329429,2
7.576782,-0.243298,2
5.662049,3.046594,2
4.427914,-5.463408,2
3.878669,-4.835212,2
6.12431,3.955386,2
5.257087,4.738459,2
6.124635,3.604301,2
6.172213,-6.05977,2
7.245277,-0.224061,2
5.769381,2.674459,2
4.186839,6.34241,2
3.477272,-4.143044,2
6.356282,-2.667469,2
5.382513,3.642866,2
5.019333,-2.380332,2
4.82399,0.843538,2
5.571142,1.219904,2
6.291569,4.16523,2
4.798799,2.570109,2
4.79347,-3.000937,2
4.922979,1.543583,2
5.55621,-0.406222,2
5.656141,4.34281,2
5.952077,2.712293,2
6.863021,0.639341,2
3.283045,4.45573,2
5.778152,-0.11374,2
5.885761,-3.999425,2
3.160652,-5.845631,2
5.431509,2.529974,2
7.208292,-3.183632,2
6.749006,-3.356348,2
5.296882,5.48647,2
6.0687,-1.799483,2
6.582629,-2.602149,2
7.338104,-1.32777,2
4.045518,6.062881,2
5.134813,-5.114285,2
6.775742,-1.939161,2
2.950558,-5.260427,2
2.638127,-5.157997,2
5.397756,-1.765365,2
3.169133,6.598919,2
5.822264,-1.000979,2
5.343878,-3.186296,2
5.816566,-1.569174,2
6.058079,-3.142329,2
6.077858,-1.867698,2
4.896801,4.046031,2
6.314353,1.093776,2
6.711313,1.692251,2
6.516097,4.140455,2
6.797075,-2.651339,2
5.861356,3.503258,2
7.266897,-1.918324,2
5.713777,0.419589,2
7.268723,-0.282216,2
5.059564,2.670174,2
4.775692,3.424535,2
7.049115,-2.185502,2
4.41968,-2.850825,2
3.85965,-4.489579,2
4.213157,4.005667,2
4.677496,2.630593,2
3.699404,-7.096227,2
5.060579,-2.971201,2
6.310735,-4.10387,2
5.241148,-3.514826,2
3.083554,-5.689456,2
5.000778,-4.917563,2
6.147097,-0.755457,2
7.678904,-0.430952,2
3.800713,2.343312,2
5.581869,1.385036,2
4.990763,-3.395976,2
7.094935,1.03879,2
6.849265,-2.107649,2
5.154198,2.68915,2
6.111099,2.130644,2
6.897321,-2.119548,2
6.875526,-3.83693,2
4.366955,3.574048,2
3.66925,6.138799,2
5.626746,5.366172,2
2.762614,-3.026738,2
5.476533,-3.674208,2
3.670525,5.476052,2
7.733566,-0.167989,2
4.31895,-2.412084,2
5.761377,0.150885,2
4.960077,3.736812,2
4.182449,-2.80495,2
7.237278,0.54543,2
5.765855,1.395195,2
1.696754,3.777722,2
4.575912,1.543381,2
1.873538,4.958594,2
5.615544,-0.613579,2
4.005632,2.797554,2
4.66393,1.189491,2
4.50368,-4.228732,2
1.321744,5.528449,2
5.871288,1.862923,2
4.023431,5.05784,2
3.600871,-4.911928,2
5.866858,0.679556,2
6.436722,-2.64979,2
4.932489,1.674818,2
4.769517,-2.441135,2
5.872348,0.642072,2
4.445486,5.184718,2
5.582747,-0.278612,2
2.686237,-5.5914,2
4.152364,-0.314833,2
6.310057,-1.781312,2
4.988554,2.052339,2
5.901618,-0.419168,2
1.786498,-5.359349,2
5.818859,0.657935,2
7.863603,0.146391,2
3.37004,4.673341,2
5.768137,-3.626204,2
3.979297,-0.368581,2
6.823744,0.591544,2
7.550234,-1.861909,2
5.406288,-1.747814,2
6.221372,-2.355728,2
6.220523,-1.478892,2
8.705524,-1.575138,2
5.213012,-5.541524,2
2.63953,4.318748,2
5.801219,0.117668,2
4.587246,2.067838,2
5.536756,3.395624,2
2.141268,-6.224972,2
6.313761,0.683073,2
7.361352,0.942959,2
7.008829,2.15792,2
4.74775,4.859132,2
5.459312,-1.613755,2
5.321879,5.139384,2
5.270555,2.307404,2
2.846682,4.080963,2
4.144754,-2.143118,2
5.567306,2.421994,2
6.610662,-2.277041,2
4.084953,-4.162498,2
6.098547,1.534148,2
4.780904,-0.879987,2
2.707628,-6.172702,2
5.872483,2.182748,2
4.677288,-5.279792,2
4.497303,-4.589598,2
6.615235,-1.144286,2
6.210703,-0.20411,2
3.30586,4.885613,2
5.390416,2.167991,2
6.342183,4.663637,2
2.836254,-1.872879,2
6.111941,-1.951185,2
3.229806,4.187814,2
5.423413,4.639845,2
4.975194,-4.929802,2
5.809763,-0.188694,2
4.863383,-0.504211,2
5.012133,4.292211,2
4.635756,5.736344,2
6.258979,-3.532629,2
4.940308,2.689926,2
3.305925,5.529952,2
3.994563,-4.478999,2
5.32418,2.946194,2
5.594728,-1.851686,2
4.485221,2.896612,2
1.762822,-2.70638,2
3.793231,-4.768266,2
6.857492,-3.225901,2
7.158398,3.362448,2
4.22837,5.563653,2
6.542517,-0.669246,2
6.07268,-2.794455,2
5.427164,-3.040689,2
3.017209,-5.790433,2
2.489963,-3.954381,2
5.347485,5.007544,2
5.782073,-0.734423,2
5.600928,3.809758,2
4.915651,-0.753135,2
5.440409,-1.498245,2
5.38703,1.770304,2
6.208078,-2.565099,2
4.768825,4.031178,2
5.538927,2.096188,2
4.701941,-1.452724,2
4.831788,4.556567,2
5.806728,-1.746767,2
6.030239,3.644083,2
3.734545,-5.713271,2
5.474023,-1.107154,2
3.58209,-4.235,2
6.493722,3.688678,2
7.144642,-1.5423,2
6.193982,1.720484,2
2.004303,4.447026,2
4.746699,1.117217,2
6.355729,3.988722,2
3.795064,2.453156,2
2.133832,4.401379,2
5.598971,-2.503497,2
4.998037,-4.055085,2
4.003495,-2.642075,2
4.73573,1.28213,2
4.18283,-3.488095,2
5.772756,4.52698,2
3.585918,2.596736,2
6.317843,-2.72915,2
1.908157,6.048411,2
7.01465,2.362515,2
4.212172,3.137309,2
5.30051,-0.344436,2
5.681334,2.309623,2
4.912185,-2.220773,2
7.101652,-0.301476,2
6.30634,2.770784,2
5.006471,-3.326498,2
4.76789,-4.089725,2
4.659776,2.120794,2
6.571004,4.114857,2
4.943333,-0.991865,2
5.246859,2.86599,2
6.524883,1.324538,2
8.138467,0.573057,2
6.376334,-3.984926,2
4.255689,2.065099,2
2.992188,-6.368859,2
4.603733,-1.04218,2
5.485986,2.891035,2
2.161172,4.625594,2
3.913194,-2.669904,2
5.805685,0.281517,2
5.961624,0.890586,2
3.235307,4.648644,2
4.977015,-1.688063,2
5.298757,1.414848,2
4.975483,3.288151,2
5.665865,-0.194154,2
7.175416,1.913872,2
4.670826,3.127747,2
6.609485,1.857203,2
3.974689,-4.851856,2
4.26397,3.91714,2
4.485546,0.395979,2
6.776463,1.721193,2
4.446826,-1.512058,2
5.723583,1.068798,2
5.414227,-4.322118,2
4.681421,-4.937129,2
5.524866,-3.311209,2
4.655267,-2.182734,2
7.541795,-2.050601,2
4.460064,2.703668,2
6.506225,2.401877,2
4.149264,-4.092241,2
6.490158,4.413595,2
4.304595,4.583498,2
5.211233,0.884979,2
2.4289,3.675812,2
4.89606,-4.22827,2
5.110832,-4.889257,2
2.929268,-5.198566,2
6.041852,0.566469,2
4.755275,4.499211,2
4.406837,4.295874,2
5.166675,-3.90608,2
6.68713,0.680823,2
3.910643,-4.058222,2
1.974451,4.915145,2
6.986255,0.770771,2
5.360785,-6.144164,2
5.685907,-0.758282,2
3.673856,3.828287,2
5.748978,-0.547499,2
4.998746,-0.884282,2
5.360184,0.159967,2
5.958337,-3.333948,2
4.371365,6.078868,2
5.26241,-3.775561,2
5.457279,-3.752071,2
4.881586,1.840136,2
4.734887,1.619954,2
4.260942,5.212665,2
5.707224,2.594257,2
6.745247,-1.428551,2
5.158489,5.324256,2
5.106878,-1.107842,2
4.00859,5.499876,2
4.396192,-4.76043,2
6.01445,-0.5165,2
5.994165,-1.95492,2
7.506322,1.16192,2
4.891828,2.500048,2
5.138639,-6.666565,2
6.151572,-1.930234,2
6.308558,0.8336,2
4.141155,4.694297,2
7.330066,-1.546206,2
5.096169,2.581795,2
3.104909,-5.905627,2
6.336823,3.970932,2
5.629951,1.215879,2
2.162321,6.275448,2
6.435575,-2.02467,2
7.54204,0.006582,2
4.613085,3.781194,2
5.039593,-4.467983,2
4.466723,-4.099536,2
6.243389,3.178001,2
5.690001,4.447273,2
4.384205,-3.572589,2
5.388462,1.810173,2
2.273694,-5.595652,2
6.126649,-0.668518,2
4.595869,7.105602,2
6.375855,-2.373816,2
3.943633,4.949689,2
5.124501,2.346585,2
3.770706,6.1276,2
4.190267,4.958747,2
4.364302,4.035703,2
6.788565,-0.383366,2
5.940009,-0.487822,2
4.403458,-5.557154,2
7.595965,2.839211,2
4.684783,5.091873,2
5.638865,2.587554,2
3.428112,2.527055,2
4.295933,3.948491,2
4.877507,-3.087062,2
3.180135,-2.284733,2
4.115798,5.045395,2
6.920773,4.265176,2
4.315262,-4.121875,2
4.595082,-5.844724,2
4.625818,-2.823487,2
7.723283,3.363245,2
6.40934,-2.913337,2
5.110339,-3.561417,2
8.250827,-0.426392,2
4.924435,-3.398129,2
6.572443,0.055041,2
5.511538,1.610339,2
5.695284,-3.628833,2
5.764272,1.899008,2
5.782235,2.097745,2
6.163797,0.161529,2
6.517416,-1.902087,2
6.799553,0.091062,2
4.761265,2.569474,2
4.148299,4.852833,2
3.320106,-5.67295,2
4.229726,5.11585,2
6.34257,0.35981,2
3.487775,-6.395076,2
4.942008,-1.914098,2
3.69,-1.762515,2
5.741824,-0.656225,2
4.946922,2.856289,2
6.157294,-2.738701,2
3.853195,-3.041754,2
6.972867,1.708611,2
3.731336,3.973895,2
7.432991,-0.927937,2
4.883822,2.417683,2
5.076079,-2.428781,2
5.425331,-0.421195,2
4.685322,-3.221742,2
4.149936,4.36425,2
3.475064,4.511722,2
5.256132,1.439525,2
3.308108,-4.474331,2
4.422999,0.626981,2
5.218661,-3.437104,2
8.639225,-2.664473,2
6.474274,1.470517,2
6.064538,1.191274,2
4.946858,-0.591058,2
5.138422,-4.049535,2
4.066463,-1.183959,2
4.254239,-2.322563,2
6.325076,2.030884,2
1.479036,-5.29371,2
4.541837,4.266591,2
4.53855,4.406553,2
2.501,5.096628,2
6.450898,1.580809,2
5.635931,1.69972,2
5.754108,-0.121826,2
2.748573,5.473015,2
2.635874,4.053793,2
7.610806,3.472191,2
6.417081,-4.33097,2
5.111238,1.553705,2
3.90183,4.575585,2
4.355432,3.883697,2
4.395694,-5.805869,2
5.127378,4.162539,2
6.522269,1.722829,2
4.438479,-2.665896,2
5.298848,-3.169317,2
6.388846,-5.832325,2
3.108022,-5.706366,2
6.078811,-2.161985,2
4.576671,3.867396,2
7.086579,-0.954756,2
3.821465,5.993801,2
7.225379,0.689833,2
6.485871,0.252054,2
6.724843,0.79299,2
3.786383,3.943572,2
5.556115,-2.536891,2
6.527637,4.52504,2
6.011563,-0.628188,2
5.54414,-1.744981,2
7.592736,0.820511,2
3.347196,-3.839202,2
6.043147,-2.2837,2
4.740875,5.126791,2
7.52457,-0.282309,2
6.49105,2.529875,2
3.970184,6.419177,2
5.378709,2.090697,2
3.40906,-6.837879,2
7.540852,-0.895956,2
5.375914,-1.012386,2
6.966598,-3.559672,2
6.808969,-2.118414,2
3.647296,-6.487123,2
6.201258,-3.331895,2
7.323237,-0.279213,2
3.331529,6.461386,2
6.051931,2.258591,2
5.316851,-2.161312,2
5.963741,-0.019141,2
4.223478,3.036535,2
5.252286,2.050633,2
5.545165,-0.35034,2
3.366188,3.627289,2
4.226755,0.876383,2
6.744415,1.588194,2
2.512158,5.588793,2
3.317983,3.631527,2
7.131149,2.055147,2
6.842307,-1.406485,2
5.231612,3.053823,2
3.45851,-4.736445,2
4.230925,4.291048,2
5.925278,3.468046,2
5.516249,-1.532373,2
5.559423,3.513248,2
6.610728,1.100017,2
6.068231,-1.253584,2
7.572148,2.853203,2
6.397575,-1.816414,2
4.474995,-0.713294,2
3.0675,-5.029941,2
5.501411,-0.802959,2
4.973973,2.403828,2
5.287416,0.232263,2
6.183271,1.479003,2
3.338068,-7.140894,2
5.943134,-2.987513,2
3.717942,-3.721501,2
2.888697,5.989587,2
4.186057,6.328223,2
4.836655,4.453115,2
6.018853,2.161105,2
5.822026,-5.238426,2
2.820975,4.99366,2
5.681409,-4.272313,2
5.043672,-4.46588,2
4.536516,6.062294,2
5.878184,2.693504,2
5.618459,-2.397999,2
4.290992,-4.609147,2
6.033694,-0.30697,2
7.791458,0.919838,2
4.779472,5.235802,2
4.943542,-0.758154,2
6.60036,-2.330579,2
6.319232,-0.928962,2
6.329341,0.165102,2
3.160006,-7.172859,2
5.336244,3.037386,2
6.594029,-0.524417,2
4.33727,-3.675816,2
5.891189,0.718367,2
5.811528,-2.66229,2
3.15929,5.802326,2
5.511841,1.304177,2
6.153488,-1.378681,2
4.994598,-1.50187,2
6.254477,3.428192,2
7.248926,-4.682103,2
3.751882,4.344722,2
6.509564,1.890275,2
6.573804,-4.83986,2
3.213742,-4.688119,2
5.32802,1.513338,2
6.242785,-1.292408,2
5.580674,-2.174469,2
6.457566,-2.059346,2
2.197659,-6.120155,2
4.747977,-1.958534,2
3.939951,-3.732456,2
5.627407,4.869755,2
7.231188,1.340695,2
6.6533,2.026237,2
8.375554,0.857336,2
4.29344,-4.478989,2
4.502933,-5.157074,2
5.125735,-3.737178,2
4.887799,-4.012758,2
5.312167,2.720761,2
5.156449,4.156939,2
5.934013,4.504127,2
5.889764,0.627179,2
3.546733,4.086477,2
7.634651,-0.609278,2
6.591082,1.778844,2
5.591889,-1.852562,2
4.951439,-1.846607,2
5.98608,-4.299587,2
4.299251,4.905669,2
2.810472,-6.179042,2
5.977692,-4.991199,2
4.419099,-4.956578,2
7.025208,-0.692229,2
5.097287,-5.035497,2
5.408804,-2.371691,2
4.877315,0.594347,2
5.393107,-0.944095,2
5.707932,-2.212947,2
5.398062,-1.260819,2
4.734655,4.908286,2
5.933203,0.418259,2
4.300345,5.900531,2
5.327614,1.492771,2
5.136756,1.784481,2
4.160852,-3.402346,2
6.314794,-0.277742,2
4.389582,4.413354,2
4.344587,-5.175014,2
6.239115,-2.961791,2
5.391272,0.986138,2
4.435622,-4.182401,2
4.067996,3.181532,2
4.587974,-3.812501,2
5.003998,4.038155,2
3.470538,4.997784,2
3.611258,-3.1435,2
3.915938,-3.419182,2
4.356848,0.651184,2
5.323097,2.558539,2
5.374753,0.972787,2
4.596881,-3.193017,2
6.487883,-2.738194,2
6.030089,-0.803735,2
3.614028,4.128077,2
5.385953,3.572074,2
3.506155,-1.914491,2
3.793966,-5.030731,2
2.710612,4.704407,2
6.204247,-4.727793,2
5.951698,-0.52964,2
3.446512,5.061772,2
7.758211,-1.55739,2
6.994446,-1.56204,2
7.165297,-2.330672,2
5.554668,-3.440092,2
6.671841,-1.642225,2
3.577672,-4.558295,2
5.251635,-4.952933,2
3.428967,4.522773,2
8.113039,-1.462975,2
6.563815,-2.093436,2
4.815018,5.844703,2
5.327582,2.57815,2
6.992918,-0.108424,2
5.022688,3.643219,2
7.054864,1.671378,2
4.596062,5.151036,2
4.609349,-3.94772,2
4.520444,4.49907,2
4.708815,3.677006,2
4.812291,4.387296,2
6.185466,-2.107352,2
1.735783,-5.094973,2
2.614607,3.101903,2
4.353275,-4.478699,2
3.705256,-6.920705,2
3.513574,-3.985889,2
2.647164,-4.25139,2
6.891266,-4.191976,2
7.088888,0.391732,2
6.747542,-2.636733,2
7.294942,-1.928308,2
7.499667,-0.879573,2
7.751527,-2.043188,2
4.737636,2.972176,2
6.690156,-5.479501,2
6.412092,3.026165,2
7.551414,1.615421,2
4.67943,-4.733272,2
5.670102,-0.012713,2
2.703676,-7.352104,2
5.378627,2.820737,2
5.538116,-0.693132,2
3.945288,3.530241,2
5.830476,-2.91875,2
6.958537,0.254511,2
7.705309,-0.364644,2
6.082978,0.083794,2
3.95958,-2.044202,2
4.057606,5.037536,2
6.137579,-1.617959,2
4.518284,-2.789968,2
4.338794,3.83685,2
6.48325,2.686831,2
4.484308,-2.119071,2
5.694419,-0.874671,2
3.716683,3.36652,2
4.476382,-1.513444,2
3.269599,-0.195011,2
5.076691,1.323906,2
5.880947,1.906451,2
5.073467,1.594107,2
4.864282,-3.072128,2
8.955519,4.071925,2
4.128641,-6.051746,2
4.410439,7.097819,2
5.599988,-5.730817,2
6.915408,-1.258543,2
2.793134,3.984508,2
5.155367,-5.67226,2
6.328547,0.277845,2
3.219001,5.548599,2
5.5985,-4.175245,2
5.460545,1.840642,2
6.415246,1.039777,2
5.277324,1.100762,2
6.07816,3.821995,2
4.171353,-2.19206,2
5.547819,3.83695,2
6.299998,-2.874905,2
2.602274,-4.894026,2
5.574581,2.860515,2
4.79611,3.988076,2
3.699026,4.627043,2
6.064584,1.388927,2
5.511157,4.254984,2
6.027256,0.844522,2
5.590325,-1.993908,2
2.929782,3.015331,2
4.211373,-3.488732,2
5.717194,-1.423822,2
3.769935,-4.690366,2
5.586564,0.544901,2
4.994955,2.000146,2
4.307866,3.659602,2
4.217662,6.031177,2
5.213078,4.027627,2
5.264718,-1.381404,2
5.873632,-4.892771,2
4.766613,-3.92846,2
3.536988,-4.039377,2
3.729456,-2.469751,2
6.242946,0.841224,2
4.347325,3.458343,2
5.313904,-3.608084,2
5.603495,-0.969733,2
6.23138,-2.946346,2
4.532815,4.736909,2
1.882068,-4.79846,2
6.436403,1.297088,2
4.469647,-5.842557,2
3.929052,5.481685,2
5.611358,1.153015,2
6.182149,-1.072876,2
5.928639,0.771424,2
2.615154,5.435814,2
4.635602,-5.139661,2
6.387727,0.17302,2
4.805223,-4.829476,2
5.874484,-2.702878,2
4.558207,4.829205,2
4.168448,2.764264,2
6.767035,-3.81401,2
4.145986,4.333356,2
7.695506,-1.309338,2
3.368393,-3.56813,2
4.336915,-2.316533,2
4.451684,3.008265,2
3.181313,4.329388,2
6.306592,-0.153486,2
6.319867,-3.440803,2
7.352564,-4.152403,2
3.003402,2.173174,2
5.915924,-0.319767,2
7.893178,-0.519425,2
4.593555,0.733211,2
3.2383,-4.645133,2
4.907499,0.200298,2
6.838728,2.202219,2
5.940153,3.910779,2
4.993337,-2.717955,2
5.921991,1.29267,2
6.890235,2.762421,2
5.929275,-4.431302,2
6.366223,-2.554504,2
6.784193,-1.131031,2
7.344206,-1.733222,2
7.126872,-0.265413,2
4.661981,-1.17693,2
5.76174,4.313693,2
6.862409,2.285546,2
5.445808,3.014437,2
3.52901,-4.877378,2
2.939574,4.915934,2
6.670327,4.396753,2
5.953221,-4.62254,2
5.756082,2.708989,2
6.140008,3.29863,2
5.479738,-4.594325,2
3.907094,-2.522446,2
5.134112,4.193504,2
4.108686,-4.858031,2
6.623767,1.952239,2
4.554812,-3.267688,2
7.148189,1.314959,2
8.055926,2.985965,2
6.158775,1.434015,2
5.982444,2.436132,2
5.483503,5.74971,2
6.286708,-2.790239,2
4.984993,2.95481,2
3.605275,-4.637244,2
4.949973,5.238669,2
4.359913,1.6654,2
3.238675,5.929409,2
6.729486,0.779041,2
5.613868,3.997275,2
4.113719,4.732548,2
4.468669,-2.110689,2
7.118379,-0.362365,2
5.497032,-0.263907,2
5.555943,-2.319613,2
5.842688,0.031045,2
4.16306,-2.861058,2
3.611524,3.692103,2
5.194987,3.821555,2
5.501653,-3.54532,2
4.034662,4.603344,2
4.777857,5.573072,2
4.509992,-4.643372,2
3.783858,-5.711912,2
3.546365,-3.788878,2
5.019478,0.05638,2
7.044661,-0.837344,2
4.711363,5.755133,2
4.337927,0.355465,2
6.442573,-1.059673,2
6.601035,4.486775,2
3.34119,-3.973474,2
7.441199,-0.971461,2
5.353191,2.188367,2
3.707982,-1.061579,2
4.590243,-4.775797,2
5.586451,2.782471,2
4.815816,-2.952812,2
5.619509,0.778707,2
3.031684,-4.972995,2
3.886003,1.451329,2
5.242444,-3.383537,2
4.485576,-4.108924,2
6.791356,-1.382142,2
5.826938,3.57166,2
3.876185,-6.798452,2
2.351945,-3.887819,2
3.283742,-2.897929,2
5.473515,-4.272028,2
6.103707,-2.658051,2
6.418983,5.773242,2
5.531157,4.395923,2
2.934617,5.593386,2
5.168692,4.408094,2
7.172936,1.028536,2
6.72605,1.955006,2
5.325931,-2.201565,2
4.648026,-4.582717,2
3.245725,-4.099022,2
4.792999,1.969314,2
4.341782,-1.787221,2
5.199391,-2.455228,2
5.930041,-0.613388,2
4.427742,4.55379,2
2.569934,-3.859257,2
5.573715,0.415601,2
3.492346,5.33254,2
8.534212,2.552015,2
4.54571,-5.62619,2
4.314262,-4.500955,2
5.174471,-4.898866,2
4.111583,-6.098899,2
5.675614,-3.398635,2
2.884206,-5.496416,2
1.860872,3.801033,2
5.89464,3.725853,2
4.913895,4.304678,2
4.852922,1.790458,2
4.393645,2.424529,2
4.363729,-2.346891,2
4.651787,-4.496484,2
3.78107,4.095584,2
3.074846,4.201803,2
4.242382,2.073228,2
6.468663,-0.017538,2
4.302217,-3.860488,2
3.758425,-4.320253,2
5.891821,-4.83239,2
5.619155,-4.204149,2
4.20058,-2.403069,2
