,A1,A2,A3,A4,A5,A6,A7,A8,A9,A10,A11,A12,A13,A14,A15,A16,A17,A18,A19,A20,A21,A22,A23,A24,A25,A26,A27,A28,A29,A30,A31,A32,A33,A34,Class
0,1,0,0.9014700000000001,0.41786,0.64131,0.75725,0.3044,0.9514799999999999,-0.20449,0.96534,-0.55483,0.81191,-0.81857,0.50949,-0.96986,0.10345,-0.91456,-0.31411999999999995,-0.70163,-0.65461,-0.32354,-0.88999,0.05865,-0.9417200000000001,0.44483,-0.8215399999999999,0.74105,-0.5523100000000001,0.89415,-0.18725,0.8789299999999999,0.20359000000000002,0.70555,0.54852,g
1,1,0,1.0,0.0507,1.0,0.10827,1.0,0.19498,1.0,0.28453,1.0,0.34826,1.0,0.38261,0.94575,0.42881,0.89126,0.5039100000000001,0.7590600000000001,0.58801,0.8064399999999999,0.5996199999999999,0.79578,0.62758,0.66643,0.63942,0.59417,0.69435,0.49538000000000004,0.7268399999999999,0.47026999999999997,0.7168899999999999,0.33381,0.75243,g
2,1,0,0.9588200000000001,0.10128999999999999,1.0,-0.019180000000000003,0.98313,0.02555,0.9697399999999999,-0.09316,0.98955,-0.027160000000000004,0.9798,-0.03096,1.0,-0.05343,1.0,-0.051789999999999996,0.9384,0.015569999999999999,0.9762,-0.09283999999999999,0.9788899999999999,-0.05318,0.9156700000000001,-0.15675,0.9567700000000001,-0.06995,0.9097799999999999,0.013069999999999998,1.0,-0.10797000000000001,0.9314399999999999,-0.06888,g
3,1,0,0.8350799999999999,0.08298,0.73739,-0.14706,0.84349,-0.055670000000000004,0.90441,-0.04622,0.89391,0.1313,0.81197,0.06723,0.7930699999999999,-0.08929,1.0,-0.02101,0.96639,0.06617999999999999,0.87605,0.01155,0.7752100000000001,0.06617999999999999,0.95378,-0.04202,0.8347899999999999,0.00123,1.0,0.12815,0.8666,-0.10714000000000001,0.90546,-0.04307,g
4,1,0,0.4987,0.01818,0.43117,-0.0961,0.50649,-0.04156,0.5013,0.0961,0.44675,0.059739999999999994,0.5584399999999999,-0.11947999999999999,0.51688,-0.03636,0.52727,-0.059739999999999994,0.55325,-0.01039,0.48571000000000003,-0.03377,0.49091,-0.01039,0.59221,0.0,0.53215,-0.0328,0.43117,0.03377,0.54545,-0.05455,0.5896100000000001,-0.08571000000000001,g
5,1,0,0.9093200000000001,0.08791,0.8652799999999999,0.16888,1.0,0.16598,0.55187,0.6815399999999999,0.70207,0.36719,0.16286,0.42738999999999994,0.5762,0.46086000000000005,0.51067,0.49618,0.31639,0.12967,0.37824,0.54462,0.31274,0.5582600000000001,0.24856,0.5652699999999999,0.18625999999999998,0.56605,0.12635,0.56101,0.06927,0.55061,0.12137,0.6773899999999999,g
6,1,0,1.0,-0.45161,1.0,1.0,0.71216,-1.0,0.0,0.0,0.0,0.0,0.0,0.0,-1.0,0.14515999999999998,0.54094,-0.3933,-1.0,-0.54467,-0.69975,1.0,0.0,0.0,1.0,0.90695,0.51613,1.0,1.0,-0.20099,0.25682,1.0,-0.32382,1.0,b
7,1,0,0.82624,0.08156000000000001,0.79078,-0.08156000000000001,0.9042600000000001,-0.017730000000000003,0.9290799999999999,0.01064,0.80142,0.08865,0.94681,-0.007090000000000001,0.94326,0.0,0.9326200000000001,0.20213,0.95035,-0.007090000000000001,0.91489,0.007090000000000001,0.80496,0.07092000000000001,0.91135,0.15957000000000002,0.8952700000000001,0.08165,0.7766,0.06738,0.92553,0.18085,0.92553,0.0,g
8,1,0,0.67065,0.02528,0.6662600000000001,0.05031,0.57197,0.18761,0.08776,0.34081,0.63621,0.12130999999999999,0.6209899999999999,0.14285,0.78637,0.10976,0.58373,0.18151,0.14395,0.41223999999999994,0.53888,0.21325999999999998,0.5142,0.22625,0.48838000000000004,0.23724,0.46166999999999997,0.24618,0.43433,0.25306,0.40663,0.25792,1.0,0.33036,g
9,1,0,0.46785,0.11308,0.5898,0.00665,0.55432,0.06874,0.47894,-0.13969,0.52993,0.0133,0.63858,-0.16186,0.6784899999999999,-0.033260000000000005,0.54545,-0.13525,0.52993,-0.046560000000000004,0.47894,-0.19512000000000002,0.50776,-0.13525,0.41463,-0.20177,0.5393,-0.11455,0.59867,-0.02882,0.53659,-0.11752,0.56319,-0.04435,g
10,1,0,0.83609,0.13215,0.7217100000000001,0.06059,0.6582899999999999,0.08315,0.23888,0.12961,0.43837,0.2033,0.49418,0.12686,0.44747,0.13507,0.29352,0.02922,0.48158,0.15755999999999998,0.32835,0.14615999999999998,0.29495,0.14637999999999998,0.26436,0.1453,0.23640999999999998,0.14314000000000002,0.26429,0.16137,0.18767,0.13632,0.16655,0.13198,g
11,1,0,0.9243600000000001,0.36924,0.7197600000000001,0.6842,0.29303,0.94078,-0.11108,0.76527,-0.31605,0.92453,-0.6661600000000001,0.78766,-0.92145,0.42313999999999996,-0.94315,0.09585,-1.0,0.03191,-0.6643100000000001,-0.66278,-0.4601,-0.78174,-0.13485999999999998,-0.88082,0.19765,-0.8513700000000001,0.48904,-0.7024699999999999,0.69886,-0.46048,0.76066,-0.13194,g
12,1,0,1.0,-0.06182000000000001,1.0,0.029419999999999998,1.0,-0.05131,1.0,-0.01707,1.0,-0.11725999999999999,0.84493,-0.052020000000000004,0.9339200000000001,-0.06598,0.6917,-0.07379,0.6573100000000001,-0.20367000000000002,0.9491,-0.31558,0.80852,-0.31654,0.8493200000000001,-0.34838,0.72529,-0.29174,0.7309399999999999,-0.38576,0.54356,-0.26284,0.64207,-0.39487,g
13,1,0,0.016669999999999997,-0.35625,0.0,0.0,0.0,0.0,0.0,0.0,0.0,0.0,0.0,0.0,0.12292,-0.55,0.22813000000000003,0.8281299999999999,1.0,-0.42291999999999996,0.0,0.0,0.08333,-1.0,-0.10625,-0.16667,1.0,-0.76667,-1.0,0.18854,0.0,0.0,1.0,-0.27292,b
14,1,0,0.8842,0.36724,0.67123,0.67382,0.39613000000000004,0.8639899999999999,0.02424,0.9318200000000001,-0.35148,0.8371299999999999,-0.60316,0.5884199999999999,-0.7865800000000001,0.38778,-0.83285,-0.00642,-0.69318,-0.32963000000000003,-0.52504,-0.5392399999999999,-0.27376999999999996,-0.6812600000000001,0.00806,-0.6977399999999999,0.26028,-0.60678,0.44569,-0.43383,0.54209,-0.21541999999999997,0.56286,0.02823,g
15,1,0,0.79157,0.16851,0.0,0.0,0.5654100000000001,0.06874,0.39468000000000003,1.0,0.38359,0.9955700000000001,-0.024390000000000002,0.53215,0.23725,0.1286,-0.02661,0.9512200000000001,-0.50998,0.8492200000000001,-0.102,0.38803000000000004,-0.42572,0.23725,-0.91574,0.8071,-0.34146,0.8824799999999999,-1.0,0.69401,-1.0,0.1286,0.0,0.0,b
16,1,0,0.68729,1.0,0.9197299999999999,-0.7608699999999999,0.8177300000000001,0.04348,0.7608699999999999,0.10702,0.8678899999999999,0.73746,0.70067,0.18227000000000002,0.7592,0.13712,0.9347799999999999,-0.25084,0.70736,0.18729,0.64883,0.24581999999999998,0.60201,0.77425,1.0,-0.53846,0.8926200000000001,0.22216,0.7107,0.53846,1.0,-0.06522,0.56522,0.23913,b
17,1,0,1.0,-0.0061200000000000004,1.0,-0.09834,1.0,-0.07649,1.0,-0.10605,1.0,-0.11073,1.0,-0.39489,1.0,-0.15616,0.92124,-0.31884,0.8647299999999999,-0.34534000000000004,0.9169299999999999,-0.44072,0.9606,-0.46866,0.8187399999999999,-0.40371999999999997,0.82681,-0.42231,0.75784,-0.38231,0.80448,-0.40575,0.74354,-0.45038999999999996,g
18,1,0,0.9060799999999999,-0.016569999999999998,0.9812200000000001,-0.01989,0.95691,-0.03646,0.85746,0.0011,0.8972399999999999,-0.03315,0.89061,-0.01436,0.9060799999999999,-0.0453,0.91381,-0.00884,0.8077300000000001,-0.12928,0.8872899999999999,0.01215,0.92155,-0.0232,0.9105,-0.02099,0.8914700000000001,-0.0776,0.82983,-0.17238,0.9602200000000001,-0.03757,0.87403,-0.16243,g
19,1,0,1.0,-0.15899000000000002,0.72314,0.27686,0.8344299999999999,-0.5838800000000001,1.0,-0.28207,1.0,-0.49863,0.79962,-0.12527,0.76837,0.14637999999999998,1.0,0.39337,1.0,0.2659,0.96354,-0.01891,0.92599,-0.91338,1.0,0.14803,1.0,-0.11582,1.0,-0.11129000000000001,1.0,0.53372,1.0,-0.57758,g
20,1,0,1.0,0.63548,1.0,1.0,0.77123,1.0,-0.33333,1.0,-1.0,1.0,0.0,1.0,-1.0,1.0,-1.0,0.0,-1.0,-0.66667,-1.0,-0.9253600000000001,-1.0,-0.33333,-0.33333,-1.0,0.19235,-1.0,1.0,-1.0,0.0,-1.0,1.0,-0.66667,g
21,1,0,0.058660000000000004,-0.00838,0.06704,0.00838,0.0,-0.011170000000000001,0.0055899999999999995,-0.03911,0.01676,-0.07542,-0.0055899999999999995,0.053070000000000006,0.06425,-0.03352,0.0,0.09497,-0.06425,0.07542,-0.04749,0.02514,0.02793,-0.0055899999999999995,0.00838,0.0055899999999999995,0.10335,-0.00838,0.03073,-0.00279,0.04469,0.0,0.04749,-0.03352,b
22,1,0,0.9882200000000001,0.02187,0.9310200000000001,0.341,0.83904,0.35222,0.7470600000000001,0.48906000000000005,0.7358399999999999,0.51879,0.55076,0.6017899999999999,0.4313,0.66237,0.318,0.70443,0.28379,0.6887300000000001,0.07515,0.7369600000000001,0.06337999999999999,0.7128399999999999,-0.16489,0.69714,-0.16555999999999998,0.6051,-0.16209,0.55805,-0.34717,0.44195,-0.33483,0.37465,g
23,1,0,1.0,-0.92453,1.0,0.75472,0.49057,-0.0566,0.62264,0.0,1.0,-0.00054,0.45283,0.07547000000000001,0.62264,-0.0566,0.9887799999999999,-0.00085,0.5283,0.0,0.5283,0.07547000000000001,0.9519,-0.00112,1.0,0.79245,0.9219200000000001,-0.00128,0.9434,-1.0,1.0,0.43396,0.43396,-0.11320999999999999,g
24,1,0,0.0,0.0,0.0,0.0,0.0,0.0,-0.85,-1.0,0.0,0.0,1.0,-1.0,0.0,0.0,-1.0,-1.0,-1.0,-1.0,1.0,-1.0,-0.6,-1.0,1.0,1.0,-1.0,-0.2,1.0,-1.0,0.0,1.0,0.0,0.0,b
25,1,0,0.26666999999999996,-0.1,0.53333,0.0,0.33333,-0.13333,0.36667,0.11667000000000001,0.56667,0.016669999999999997,0.71667,0.08333,0.7,-0.06667000000000001,0.53333,0.2,0.41667,-0.016669999999999997,0.31667,0.2,0.7,0.0,0.25,0.13333,0.46213999999999994,0.05439,0.4,0.03333,0.46667,0.03333,0.41667,-0.05,g
26,1,0,0.9265700000000001,0.04174,0.89266,0.15766,0.86098,0.19791,0.83675,0.36526,0.80619,0.40198,0.76221,0.40552,0.66586,0.4836,0.60101,0.51752,0.53392,0.5218,0.48435,0.5421199999999999,0.42546000000000006,0.55684,0.3334,0.55274,0.26978,0.54214,0.22307,0.5344800000000001,0.14312,0.49123999999999995,0.11573,0.46571,g
27,1,0,0.76627,0.21106,0.63935,0.38111999999999996,0.48408999999999996,0.525,0.15,0.22273,0.13752999999999999,0.59565,-0.07727,0.44545,0.0,0.48636,-0.27491,0.42013999999999996,-0.5613600000000001,0.36818,-0.36591,0.18864,-0.40533,0.07587999999999999,-0.38483,-0.03229,-0.33942,-0.12485999999999998,-0.2754,-0.19714,-0.19962,-0.24648,-0.11894,-0.27218000000000003,g
28,1,0,1.0,1.0,1.0,0.5125,0.625,-1.0,1.0,1.0,0.025,0.03125,1.0,1.0,0.0,0.0,1.0,-1.0,1.0,1.0,1.0,1.0,0.3125,1.0,1.0,1.0,1.0,1.0,1.0,1.0,-0.94375,1.0,0.0,0.0,b
29,1,0,0.8628399999999999,0.1931,0.8092,0.41148999999999997,0.67203,0.55785,0.5455899999999999,0.69962,0.36705,0.81533,0.19617,0.8567100000000001,-0.04061,0.8628399999999999,-0.17240999999999998,0.75785,-0.341,0.65747,-0.48199,0.56092,-0.6023,0.40996000000000005,-0.59234,0.25747,-0.63038,0.08818,-0.5724100000000001,-0.07816000000000001,-0.54866,-0.19923,-0.42912,-0.31954,g
30,1,0,0.01975,0.00705,0.0409,-0.008459999999999999,0.021159999999999998,0.01128,0.01128,0.04372,0.00282,0.00141,0.01975,-0.031030000000000002,-0.01975,0.06065,-0.0409,0.0268,-0.02398,-0.004229999999999999,0.04372,-0.02539,0.018340000000000002,0.0,0.0,-0.01269,0.018340000000000002,-0.01128,0.00564,-0.01551,-0.01693,-0.02398,0.00705,0.0,b
31,1,0,1.0,0.058120000000000005,0.94525,0.07418,0.9995200000000001,0.13230999999999998,1.0,-0.01911,0.9484600000000001,0.07032999999999999,0.9571299999999999,0.14644000000000001,0.94862,0.11224,0.90896,0.20119,0.96741,0.16265,0.99695,0.14257999999999998,0.90784,0.1641,0.9166700000000001,0.22430999999999998,0.88423,0.23571,0.8856799999999999,0.22511,0.7832399999999999,0.29575999999999997,0.8357399999999999,0.31166,g
32,1,0,0.84177,0.4346,0.5,0.7616,0.09916,0.9346,-0.37764000000000003,0.8818600000000001,-0.72363,0.6118100000000001,-0.9388200000000001,0.19409,-0.8670899999999999,-0.25527,-0.62869,-0.65612,-0.25105,-0.85654,0.16245,-0.86498,0.51477,-0.66878,0.74895,-0.28903,0.77937,0.07933,0.64135,0.42827,0.31435,0.62447,-0.004220000000000001,0.69409,g
33,1,0,0.8062699999999999,0.13069,0.73061,0.24323000000000003,0.64615,0.19038,0.36923,0.45577,0.44793,0.46438999999999997,0.25,0.57308,0.25192,0.37115,0.15215,0.51877,-0.09808,0.575,-0.03462,0.42885,-0.08856,0.44423999999999997,-0.14943,0.40005999999999997,-0.1994,0.34976,-0.23831999999999998,0.29541,-0.26634,0.23895999999999998,-0.23845999999999998,0.31154,g
34,1,0,0.36876,-1.0,-1.0,-1.0,-0.07661,1.0,1.0,0.9504100000000001,0.74597,-0.3871,-1.0,-0.79313,-0.09677000000000001,1.0,0.48683999999999994,0.46502,0.31755,-0.27460999999999997,-0.14343,-0.20188,-0.11975999999999999,0.06895,0.03021,0.06639,0.03443,-0.011859999999999999,-0.00403,-0.01672,-0.00761,0.00108,0.00015,0.00325,b
35,1,0,0.35346,-0.13768,0.69387,-0.02423,0.68195,-0.03574,0.5571699999999999,-0.061189999999999994,0.61836,-0.10467,0.6209899999999999,-0.06527000000000001,0.5936100000000001,-0.07289,0.42271000000000003,-0.26409,0.58213,0.04992,0.49736,-0.08771,0.46241000000000004,-0.08989,0.45008000000000004,-0.00564,0.39146,-0.09038,0.35588000000000003,-0.10305999999999998,0.32232,-0.08637,0.28943,-0.083,g
36,1,0,0.50932,-0.93996,1.0,0.26708000000000004,-0.0352,-1.0,1.0,-1.0,0.43685,-1.0,0.0,0.0,-1.0,-0.34265,-0.37681,0.03623,1.0,-1.0,0.0,0.0,0.0,0.0,-0.16253,0.9223600000000001,0.39752,0.26500999999999997,0.0,0.0,1.0,0.23188000000000003,0.0,0.0,b
37,1,0,-0.006409999999999999,-0.5,0.0,0.0,-0.01923,1.0,0.0,0.0,0.0,0.0,0.0,0.0,0.0,0.0,0.0,0.0,0.3141,0.9294899999999999,-0.35256,0.74359,-0.34615,-0.80769,0.0,0.0,-0.61538,-0.5128199999999999,0.0,0.0,0.0,0.0,0.0,0.0,b
38,1,0,1.0,-0.08183,1.0,-0.11325999999999999,0.99246,-0.29802,1.0,-0.33075,0.96662,-0.34281,0.85788,-0.47265,0.91904,-0.4817,0.7308399999999999,-0.6522399999999999,0.6813100000000001,-0.63544,0.8245,-0.7831600000000001,0.58829,-0.74785,0.67033,-0.96296,0.48757,-0.85669,0.37940999999999997,-0.83893,0.24117,-0.88846,0.29220999999999997,-0.8962100000000001,g
39,1,0,0.7629600000000001,-0.07778,1.0,-0.2963,1.0,-0.85741,0.8,0.061110000000000005,0.45556,-0.42778,1.0,-0.12580999999999998,1.0,-0.83519,0.49259,0.01852,0.8222200000000001,-0.05926,0.98215,-0.19938,1.0,0.22036999999999998,0.6963,-0.26481,0.92148,-0.24549,0.78889,0.02037,0.87492,-0.27105,1.0,-0.5703699999999999,g
40,1,0,0.9521700000000001,0.06595,0.93614,0.1303,0.90996,0.19152,0.8488100000000001,-0.49962,0.90023,0.6132,0.77937,0.34328000000000003,0.72254,0.37988,0.66145,0.40844,0.9547200000000001,0.5986199999999999,0.53258,0.44088,0.46773000000000003,0.44511000000000006,0.4044,0.44198999999999994,0.34374,0.43221000000000004,0.9033,1.0,0.23405,0.3962,0.18632,0.37191,g
41,0,0,1.0,-1.0,-1.0,1.0,-1.0,1.0,1.0,1.0,1.0,1.0,-1.0,-1.0,-1.0,-1.0,1.0,1.0,1.0,-1.0,-1.0,-1.0,-1.0,-1.0,1.0,0.0,1.0,-1.0,1.0,-1.0,-1.0,1.0,-1.0,1.0,b
42,1,0,1.0,0.45455,1.0,0.54545,0.81818,0.63636,1.0,-0.09091,1.0,0.0,0.81818,-0.45455,0.63636,0.27273000000000003,1.0,-0.63636,1.0,-0.27273000000000003,0.90909,-0.45455,1.0,0.0775,1.0,-0.09091,1.0,0.08867,1.0,0.36364,1.0,0.63636,0.72727,0.27273000000000003,g
43,1,0,0.32834,0.0252,0.15236,0.21278000000000002,0.14919000000000002,0.74003,-0.25706,0.92324,-0.10312,0.1938,-0.61352,0.25786,-0.94053,-0.05409,-0.13117,-0.14329,-0.30315,-0.44615,-0.11409000000000001,-0.8559700000000001,0.026680000000000002,-0.22785999999999998,0.27942,-0.06295,0.33737,-0.11875999999999999,0.27657,-0.11409000000000001,0.15078,0.13296,0.12197000000000001,0.20468,g
44,1,0,0.9459799999999999,-0.02685,-1.0,0.26131,-0.36393000000000003,0.35639,0.69258,-0.63427,1.0,-0.033530000000000004,-0.2902,-0.0055,-0.54852,0.15452,0.9192100000000001,-0.4627,1.0,-0.5042399999999999,-0.29735,-0.31454,-0.73864,0.37361,0.83872,-0.46734,0.52208,-0.5813,1.0,-0.61393,-0.09634,0.20477,-0.06117,0.41913,b
45,1,0,0.39286,0.52381,-0.7882399999999999,0.11342,-0.16627999999999998,-0.76378,0.66667,0.0119,0.8214299999999999,0.40476,-0.6723,0.30729,-0.34797,-0.63668,0.46429,0.15475999999999998,0.54762,0.05952,-0.5183,0.44961,-0.47651000000000004,-0.47594,0.32143,0.70238,0.51971,0.38848,0.57143,0.39286,-0.54891,-0.29915,0.25440999999999997,-0.55837,b
46,1,0,0.1859,-0.16667,0.0,0.0,0.0,0.0,0.0,0.0,0.0,0.0,0.11538,-0.19071,0.0,0.0,0.0,0.0,0.0,0.0,0.0,0.0,-0.05127999999999999,-0.06571,0.07852999999999999,0.08974,0.17307999999999998,-0.10897000000000001,0.125,0.09615,0.025639999999999996,-0.04808,0.16827,0.19551,b
47,1,0,0.69444,0.38889,0.0,0.0,-0.32937,0.6984100000000001,0.0,0.0,0.0,0.0,0.0,0.0,0.20635,-0.24206,0.21031999999999998,0.19444,0.46429,0.78175,0.0,0.0,0.0,0.0,0.7341300000000001,0.27381,0.7619,0.6349199999999999,0.0,0.0,0.0,0.0,0.0,0.0,b
48,1,0,0.79847,0.38265,0.80804,-0.16964,1.0,-0.07653,0.98151,-0.07397999999999999,0.70217,0.20663,0.99745,0.02105,0.98214,0.02487,1.0,-0.13074000000000002,0.95663,0.07717,1.0,0.0019100000000000002,0.9030600000000001,0.30804000000000004,1.0,-0.14540999999999998,1.0,-0.00394,0.75638,0.07908,1.0,-0.1875,1.0,-0.0574,g
49,1,0,1.0,0.24168,1.0,0.4859,1.0,0.72973,1.0,1.0,1.0,1.0,1.0,1.0,1.0,0.77128,1.0,1.0,1.0,1.0,0.74468,1.0,0.8964700000000001,1.0,0.64628,1.0,0.38255,1.0,0.10819000000000001,1.0,-0.1737,1.0,-0.81383,1.0,g
50,0,0,1.0,-1.0,0.0,0.0,0.0,0.0,1.0,1.0,1.0,-1.0,-0.71875,1.0,0.0,0.0,-1.0,1.0,1.0,1.0,-1.0,1.0,1.0,0.5625,-1.0,1.0,1.0,1.0,1.0,-1.0,1.0,1.0,1.0,1.0,b
51,1,0,0.43636,-0.12727,0.58182,-0.14545,0.18182,-0.67273,0.34545,-0.03636,0.29091,-0.05455,0.29091,0.29091,0.36364,-0.41818,0.2,-0.01818,0.36364,0.05455,0.12727,0.49091,0.6181800000000001,0.16364,0.32727,0.16364,0.41098,-0.07027,0.34545,-0.05455,0.12727,-0.36364,0.29091,-0.29091,b
52,1,0,0.19466,0.05725,0.04198,0.25190999999999997,-0.10557000000000001,0.48866000000000004,-0.18320999999999998,-0.18320999999999998,-0.41985,0.061070000000000006,-0.4542,0.0916,-0.16412000000000002,-0.30534,-0.10305,-0.39695,0.18702,-0.17557,0.34012,-0.11953,0.28626,-0.16030999999999998,0.21645,0.24691999999999997,0.03913,0.31092,-0.038169999999999996,0.26336,-0.16794,0.16794,-0.30153,-0.33588,g
53,1,0,-1.0,-1.0,1.0,1.0,1.0,-0.14375,0.0,0.0,-1.0,1.0,1.0,1.0,0.17917,-1.0,-1.0,-1.0,0.0875,-1.0,1.0,-1.0,-1.0,1.0,-1.0,-1.0,1.0,-1.0,-1.0,-1.0,1.0,1.0,0.0,0.0,b
54,1,0,0.90374,-0.016040000000000002,1.0,0.08021,1.0,0.016040000000000002,0.93048,0.00535,0.9358299999999999,-0.016040000000000002,1.0,0.0,1.0,0.06417,1.0,0.04813,0.9144399999999999,0.04278,0.96791,0.02139,0.9893,-0.016040000000000002,0.96257,0.05347999999999999,0.9697399999999999,0.04452,0.8770100000000001,0.0107,1.0,0.09091,0.9786100000000001,0.06417,g
55,1,0,0.9511299999999999,0.00419,0.95183,-0.02723,0.9343799999999999,-0.0192,0.9459,0.016059999999999998,0.9651,0.03281,0.94171,0.0733,0.94625,-0.01326,0.97173,0.0014,0.94834,0.060379999999999996,0.9267,0.08412,0.93124,0.10087,0.9452,0.013609999999999999,0.93522,0.04925,0.9315899999999999,0.08167999999999999,0.94066,-0.00035,0.9148299999999999,0.04712,g
56,1,0,0.8225399999999999,-0.07572000000000001,0.80462,0.00231,0.8751399999999999,-0.01214,0.86821,-0.07514,0.72832,-0.11734000000000001,0.84624,0.050289999999999994,0.83121,-0.07399,0.74798,0.06705,0.7832399999999999,0.06358,0.8676299999999999,-0.0237,0.7884399999999999,-0.06012000000000001,0.74451,-0.0237,0.76717,-0.02731,0.74046,-0.0763,0.70058,-0.0422,0.7843899999999999,0.01214,g
57,1,0,0.88179,0.43491,0.59573,0.77655,0.19672,0.94537,-0.24103000000000002,0.9254399999999999,-0.62526,0.71257,-0.8644299999999999,0.33652,-0.92384,-0.05338,-0.77356,-0.44706999999999997,-0.4695,-0.73285,-0.10237,-0.8221700000000001,0.26384,-0.7757,0.55984,-0.5591,0.72147,-0.24433000000000002,0.72478,0.09598999999999999,0.5813699999999999,0.38915,0.34749,0.5765600000000001,g
58,1,0,1.0,0.0838,1.0,0.17387,1.0,-0.13308,0.98172,0.6452,1.0,0.47903999999999997,1.0,0.59113,1.0,0.70758,1.0,0.8277700000000001,1.0,0.95099,1.0,1.0,0.9804200000000001,1.0,0.9162399999999999,1.0,0.83899,1.0,0.74822,1.0,0.64358,1.0,0.52479,1.0,g
59,1,0,-0.65625,0.15625,0.0625,0.0,0.0,0.0625,0.625,0.0625,0.1875,0.0,-0.03125,0.09375,0.0625,0.0,0.15625,-0.15625,0.4375,-0.375,0.0,-0.09375,0.0,0.0,0.03125,-0.46875,0.03125,0.0,-0.71875,0.03125,-0.03125,0.0,0.0,0.09375,b
60,0,0,-1.0,-1.0,1.0,1.0,1.0,-1.0,-1.0,1.0,1.0,-1.0,-1.0,-1.0,0.0,0.0,1.0,1.0,-1.0,-1.0,1.0,-1.0,1.0,-1.0,1.0,1.0,1.0,-1.0,1.0,-1.0,-1.0,1.0,1.0,-1.0,b
61,1,0,0.0,0.0,-1.0,-1.0,-1.0,1.0,0.0,0.0,-1.0,1.0,1.0,1.0,1.0,-1.0,0.0,0.0,0.0,0.0,-1.0,-1.0,-1.0,1.0,1.0,0.4375,1.0,-1.0,0.0,0.0,-1.0,-1.0,-1.0,1.0,b
62,1,0,0.90071,0.017730000000000003,1.0,-0.017730000000000003,0.90071,0.007090000000000001,0.84752,0.05674,1.0,0.035460000000000005,0.97872,0.01064,0.9751799999999999,0.035460000000000005,1.0,-0.03191,0.8971600000000001,-0.03191,0.8617,0.07801,1.0,0.0922,0.90071,0.0461,0.94305,0.03247,0.94681,0.02482,1.0,0.01064,0.9361700000000001,0.02128,g
63,1,0,-1.0,1.0,-1.0,0.15244000000000002,0.28354,1.0,-1.0,1.0,-1.0,-1.0,1.0,1.0,-1.0,-0.23476,0.28301,-1.0,1.0,1.0,-0.31401999999999997,-1.0,-1.0,-1.0,1.0,-1.0,-1.0,-0.03578,1.0,-1.0,-1.0,-0.32316999999999996,0.14939000000000002,1.0,b
64,1,0,0.91241,0.04347,0.94191,0.0228,0.94705,0.05345,0.9358200000000001,0.01321,0.91911,0.06348,0.92766,0.12067,0.92048,0.062110000000000005,0.88899,0.12722,0.83744,0.14439000000000002,0.80983,0.11849000000000001,0.77041,0.14222,0.75755,0.11299000000000001,0.7355,0.13282,0.66387,0.153,0.70925,0.10754000000000001,0.65258,0.11447,g
65,1,0,0.94631,0.17498,0.90946,0.33143,0.85096,0.4996,0.73678,0.63842,0.59215,0.73838,0.48698,0.83614,0.30459,0.90665,0.17959,0.93429,-0.00701,0.93109,-0.1888,0.8938299999999999,-0.33023,0.8249200000000001,-0.46534,0.7648199999999999,-0.58563,0.66335,-0.67929,0.52564,-0.75321,0.42488000000000004,-0.8121,0.26092,g
66,1,0,1.0,1.0,-1.0,1.0,-1.0,-0.8245600000000001,0.34649,0.21053000000000002,0.46053,0.07017999999999999,0.22807,0.05702,0.35088,0.34649,0.72807,-0.03947,0.22807,0.5307,0.0,0.0,-0.29825,-0.16228,1.0,-0.66667,1.0,-1.0,1.0,-0.24561,0.35088,0.20175,0.82895,0.07895,b
67,1,0,0.6831699999999999,0.05375,0.84803,0.00202,0.84341,0.00301,0.843,0.09901,0.75813,0.04102,0.81892,0.00585,0.80738,0.00673,0.8062199999999999,-0.12447000000000001,0.77935,-0.03536,0.76365,0.00909,0.74635,0.00978,0.79632,-0.04243,0.70824,0.01096,0.62235,0.11598,0.6662399999999999,0.0119,0.64407,0.01227,g
68,0,0,0.0,0.0,0.0,0.0,0.0,0.0,0.0,0.0,0.0,0.0,1.0,1.0,1.0,1.0,1.0,-1.0,0.0,0.0,1.0,1.0,1.0,-1.0,1.0,1.0,1.0,0.0,1.0,1.0,1.0,-1.0,0.0,0.0,b
69,1,0,0.94701,-0.00033999999999999997,0.9320700000000001,-0.03227,0.9517700000000001,-0.03431,0.9558399999999999,0.02446,0.94124,0.01766,0.92595,0.04688,0.9395399999999999,-0.01461,0.94837,0.020040000000000002,0.93784,0.013930000000000001,0.91406,0.07677,0.8947,0.06147999999999999,0.9398799999999999,0.03193,0.92489,0.025419999999999998,0.9212,0.02242,0.9245899999999999,0.00442,0.9269700000000001,-0.00577,g
70,1,0,0.51207,1.0,1.0,0.5381,0.71178,0.80833,0.45621999999999996,0.46426999999999996,0.33081,1.0,0.21249,1.0,-0.17415999999999998,1.0,-0.33081,0.9872200000000001,-0.61382,1.0,-0.52674,0.71699,-0.885,0.47894,-1.0,0.35175,-1.0,0.09569,-1.0,-0.16713,-1.0,-0.42226,-0.9190299999999999,-0.65557,g
71,1,0,0.6,0.03333,0.6333300000000001,0.06667000000000001,0.7,0.06667000000000001,0.7,0.0,0.6333300000000001,0.0,0.8,0.0,0.73333,0.0,0.7,0.1,0.66667,0.1,0.73333,-0.03333,0.76667,0.0,0.6333300000000001,0.13333,0.65932,0.10167999999999999,0.6,0.13333,0.6,0.16667,0.6333300000000001,0.16667,g
72,1,0,0.9970100000000001,0.21677,0.91966,0.4703,0.76902,0.62415,0.5331199999999999,0.7812,0.36774,0.8829100000000001,0.10107000000000001,0.8331200000000001,-0.06827000000000001,0.89274,-0.28269,0.72073,-0.43706999999999996,0.61688,-0.55769,0.4812,-0.65,0.35534,-0.64658,0.15908,-0.66651,0.02277,-0.64872,-0.13462000000000002,-0.54615,-0.22949,-0.47201000000000004,-0.35031999999999996,g
73,1,0,1.0,-0.09523999999999999,-1.0,-1.0,-1.0,-1.0,1.0,0.31745999999999996,0.8134899999999999,0.7619,-1.0,-1.0,-1.0,1.0,0.47363999999999995,1.0,1.0,1.0,0.68839,-1.0,-1.0,-1.0,0.82937,0.36508,1.0,1.0,1.0,0.50794,-1.0,-0.3254,-1.0,0.72831,b
74,1,0,0.9800200000000001,0.00075,1.0,0.0,0.98982,-0.00075,0.94721,0.02394,0.977,0.0213,0.97888,0.03073,0.9917,0.02338,0.93929,0.05712999999999999,0.93552,0.05279,0.9773799999999999,0.05524,1.0,0.06241,0.94155,0.08107,0.96709,0.07255,0.95701,0.08088,0.9819,0.08126,0.9724700000000001,0.08616,g
75,1,0,0.74852,-0.028110000000000003,0.6568,-0.05177999999999999,0.80621,0.028110000000000003,0.8594700000000001,0.02515,0.63462,0.08728,0.7159800000000001,0.0784,0.73077,0.05177999999999999,0.7855,-0.27810999999999997,0.65976,-0.014790000000000001,0.78698,0.06953,0.34615,-0.18639,0.65385,0.028110000000000003,0.6100899999999999,-0.06637,0.5355,-0.21154,0.59024,-0.14053,0.56361,0.029589999999999998,g
76,1,0,1.0,1.0,0.0,0.0,1.0,-1.0,-1.0,-1.0,1.0,1.0,1.0,-1.0,0.0,0.0,1.0,-1.0,1.0,1.0,0.0,0.0,1.0,-1.0,-1.0,-1.0,1.0,1.0,-1.0,1.0,-1.0,1.0,0.0,0.0,b
77,1,0,0.61857,0.1085,0.70694,-0.06935,0.70358,0.01678,0.74273,0.00224,0.71029,0.15772,0.7158800000000001,-0.00224,0.7975399999999999,0.066,0.8366899999999999,-0.16555,0.6868,-0.0906,0.6252800000000001,-0.01342,0.6096199999999999,0.11745,0.71253,-0.09508,0.69845,-0.016730000000000002,0.6331100000000001,0.0481,0.78859,-0.05145,0.65213,-0.04698,g
78,1,0,0.9751299999999999,0.0071,0.9857899999999999,0.019540000000000002,1.0,0.019540000000000002,0.9929,0.01599,0.95737,0.02309,0.9715799999999999,0.035519999999999996,1.0,0.0373,0.97869,0.02131,0.9857899999999999,0.056839999999999995,0.9715799999999999,0.04796,0.94494,0.055060000000000005,0.98401,0.035519999999999996,0.9754,0.06477000000000001,0.9484899999999999,0.08171,0.9911200000000001,0.06217,0.98934,0.09947,g
79,1,0,0.0,0.0,0.0,0.0,0.0,0.0,0.0,0.0,0.0,0.0,-1.0,1.0,1.0,0.55172,0.0,0.0,0.0,0.0,0.0,0.0,0.0,0.0,0.0,0.0,1.0,1.0,0.0,0.0,0.0,0.0,0.0,0.0,b
80,1,0,1.0,0.06842999999999999,1.0,0.14211,1.0,0.22108000000000003,1.0,-0.125,1.0,0.39495,1.0,0.48981,1.0,0.58986,-0.375,1.0,1.0,0.0,1.0,0.92001,1.0,1.0,1.0,1.0,1.0,1.0,1.0,0.25,1.0,1.0,1.0,1.0,g
81,1,0,0.66161,-1.0,1.0,1.0,1.0,-0.6732100000000001,0.80893,-0.40446,1.0,-1.0,1.0,-0.89375,1.0,0.73393,0.17589000000000002,0.70982,1.0,0.78036,1.0,0.8526799999999999,1.0,-1.0,1.0,0.85357,1.0,-0.08571000000000001,0.9598200000000001,-0.3625,1.0,0.65268,1.0,0.34731999999999996,b
82,1,0,0.0,0.0,0.98919,-0.22703,0.18919,-0.05405,0.0,0.0,0.93243,0.07297000000000001,1.0,-0.2,1.0,0.07027,1.0,-0.11350999999999999,0.0,0.0,1.0,-0.21081,1.0,-0.41622,0.0,0.0,1.0,-0.17568,0.0,0.0,1.0,-0.25945999999999997,0.28919,-0.15675999999999998,b
83,1,0,1.0,0.05149,0.9936299999999999,0.10123,0.96142,0.14756,0.9551299999999999,-0.26496,0.6602600000000001,0.54701,0.8042600000000001,0.25283,0.7378100000000001,0.2738,0.66775,0.28714,0.59615,0.29304,0.52494,0.292,0.45582,0.28476,0.39023,0.27226,0.3293,0.25553000000000003,0.27381,0.23568000000000003,0.22426999999999997,0.21378000000000003,0.18086,0.19083,g
84,1,0,0.21429,-0.09523999999999999,0.33333,0.07143,0.19047999999999998,0.19047999999999998,0.2381,0.09523999999999999,0.40476,0.023809999999999998,0.30951999999999996,-0.047619999999999996,0.30951999999999996,-0.047619999999999996,0.28570999999999996,-0.11905,0.33333,0.047619999999999996,0.30951999999999996,0.0,0.21429,-0.11905,0.35714,-0.047619999999999996,0.22109,-0.0229,0.19047999999999998,0.0,0.16997,-0.02034,0.14694000000000002,-0.01877,g
85,1,0,-1.0,-1.0,0.0,0.0,0.5081399999999999,-0.7850199999999999,0.6058600000000001,0.32899,-1.0,-0.41368,0.0,0.0,0.0,0.0,1.0,-0.2671,0.36482,-0.63518,0.9706799999999999,-1.0,-1.0,-1.0,1.0,-0.59609,-1.0,-1.0,-1.0,-1.0,1.0,-1.0,0.0,0.0,b
86,1,0,1.0,-0.16316,1.0,-0.10169,0.9999899999999999,-0.15197,1.0,-0.19277,0.94055,-0.35151,0.95735,-0.29785,0.93719,-0.34412,0.94486,-0.28106,0.9013700000000001,-0.43383,0.8604299999999999,-0.47308,0.8298700000000001,-0.5122,0.8408,-0.47136999999999996,0.7622399999999999,-0.5837,0.65723,-0.68794,0.68714,-0.64537,0.64727,-0.6722600000000001,g
87,1,0,0.52542,-0.0339,0.94915,0.08475,0.52542,-0.16949,0.30508,-0.01695,0.50847,-0.13559000000000002,0.64407,0.28814,0.8305100000000001,-0.35593,0.54237,0.01695,0.5593199999999999,0.0339,0.59322,0.30508,0.86441,0.05085,0.40678000000000003,0.15254,0.67287,-0.00266,0.6610199999999999,-0.0339,0.8305100000000001,-0.15254,0.76271,-0.10169,g
88,1,0,0.32789,0.11042,0.1597,0.29308,0.1402,0.74485,-0.25131,0.9199299999999999,-0.16502999999999998,0.26664,-0.6371399999999999,0.24865,-0.9765,-0.00337,-0.23226999999999998,-0.19909000000000002,-0.30522,-0.48886,-0.14426,-0.89991,0.09345,-0.28916,0.28307,-0.1856,0.39599,-0.11498,0.31005,0.056139999999999995,0.21443,0.2054,0.13376,0.26421999999999995,g
89,1,0,0.0,0.0,1.0,-1.0,0.0,0.0,0.0,0.0,1.0,1.0,1.0,-0.25342,1.0,0.23288000000000003,1.0,-1.0,0.0,0.0,0.0,0.0,1.0,1.0,0.0,0.0,1.0,-1.0,0.0,0.0,1.0,-1.0,0.0,0.0,b
90,0,0,1.0,-1.0,1.0,-1.0,1.0,-1.0,1.0,-1.0,1.0,1.0,1.0,1.0,1.0,-1.0,1.0,1.0,1.0,1.0,1.0,1.0,1.0,-1.0,1.0,-1.0,1.0,-1.0,1.0,0.65625,0.0,0.0,1.0,-1.0,b
91,1,0,0.7983,0.09417,0.7812899999999999,0.20656,0.71628,0.28068000000000004,0.6932,0.41252,0.65917,0.50122,0.57898,0.60814,0.4921,0.58445,0.33354,0.67861,0.29586999999999997,0.63548,0.09598999999999999,0.68104,0.020659999999999998,0.72236,-0.08748,0.63183,-0.11925,0.60696,-0.18225999999999998,0.56015,-0.25516,0.5170100000000001,-0.27339,0.42467,g
92,1,0,0.7408399999999999,0.04974,0.79074,0.02543,0.78575,0.03793,0.6623,0.09948,0.67801,0.31151999999999996,0.75934,0.07347999999999999,0.74695,0.08442000000000001,0.70681,-0.07852999999999999,0.63613,0.0,0.70021,0.11355,0.68183,0.12185,0.6701600000000001,0.15445,0.64158,0.13608,0.6570699999999999,0.17539000000000002,0.59759,0.14697000000000002,0.57455,0.15114,g
93,1,0,1.0,0.06655,1.0,-0.18388,1.0,-0.2732,1.0,-0.43107,1.0,-0.41348999999999997,0.9623200000000001,-0.51874,0.9071100000000001,-0.59017,0.8923,-0.66474,0.69876,-0.70997,0.70645,-0.7632,0.63081,-0.8054399999999999,0.55867,-0.89128,0.47211000000000003,-0.865,0.40303,-0.83675,0.30996,-0.8909299999999999,0.22995,-0.8915799999999999,g
94,1,0,0.7479,0.0084,0.8331200000000001,0.01659,0.8263799999999999,0.02469,0.86555,0.01681,0.6050399999999999,0.058820000000000004,0.79093,0.047310000000000005,0.77441,0.05407000000000001,0.6470600000000001,0.19328,0.84034,0.04202,0.71285,0.07122,0.68895,0.07577,0.66387,0.08403,0.6372800000000001,0.08296,0.61345,0.01681,0.58187,0.08757000000000001,0.5533,0.08891,g
95,1,0,0.47368000000000005,-0.10525999999999999,0.83781,0.01756,0.83155,0.02615,0.68421,-0.052629999999999996,0.68421,0.0,0.79856,0.05028,0.78315,0.05756,0.84211,0.47368000000000005,1.0,0.052629999999999996,0.7255,0.07631,0.70301,0.08141,0.42105,0.21053000000000002,0.6541899999999999,0.08968,0.52632,-0.21053000000000002,0.6015,0.09534,0.57418,0.09719,g
96,1,0,0.9230799999999999,0.15450999999999998,0.8639899999999999,0.29757,0.72582,0.3679,0.7058800000000001,0.5683,0.57449,0.6271899999999999,0.4327,0.7467600000000001,0.31705,0.67697,0.19128,0.76818,0.04686,0.76171,-0.12064000000000001,0.76969,-0.18479,0.71327,-0.29291,0.65708,-0.38798,0.58553,-0.46798999999999996,0.50131,-0.53146,0.40731999999999996,-0.5623100000000001,0.35095,g
97,1,0,1.0,0.01709,0.96215,-0.03142,1.0,-0.03436,1.0,-0.050710000000000005,0.99026,-0.07092000000000001,0.9917299999999999,-0.09002,1.0,-0.15727,1.0,-0.14257,0.9831,-0.11813,1.0,-0.18519000000000002,1.0,-0.19272,0.9897100000000001,-0.22083000000000003,0.9649,-0.20243,0.94599,-0.17123,0.96436,-0.22560999999999998,0.87011,-0.23296,g
98,0,0,1.0,1.0,-1.0,-1.0,-1.0,-1.0,0.0,0.0,0.0,0.0,-1.0,-1.0,0.0,0.0,0.0,0.0,0.0,0.0,-1.0,1.0,1.0,1.0,0.0,0.0,1.0,-1.0,0.0,0.0,-1.0,-1.0,-1.0,-1.0,b
99,1,0,1.0,-1.0,1.0,1.0,1.0,1.0,1.0,-0.5,1.0,1.0,1.0,1.0,1.0,1.0,0.0,0.0,1.0,1.0,1.0,1.0,1.0,-1.0,1.0,1.0,1.0,0.625,1.0,-0.75,-0.75,1.0,1.0,1.0,b
100,1,0,0.88305,-0.21996,1.0,0.36373,0.8240299999999999,0.19205999999999998,0.8508600000000001,0.05901,0.9055799999999999,-0.04292,0.85193,0.25,0.7789699999999999,0.25322,0.69206,0.5794,0.7103,0.39056,0.7317600000000001,0.27575,1.0,0.34870999999999996,0.5676,0.5203899999999999,0.69811,0.53235,0.80901,0.5858399999999999,0.43026000000000003,0.70923,0.52361,0.54185,g
101,1,0,0.9607100000000001,0.07088,1.0,0.042960000000000005,1.0,0.09312999999999999,0.90169,-0.05144,0.8926299999999999,0.0258,0.8325,-0.06142,0.87534,0.09831000000000001,0.76544,0.0028,0.7520600000000001,-0.05295,0.65961,-0.07905,0.64158,-0.059289999999999995,0.55677,-0.07705,0.5805100000000001,-0.02205,0.49663999999999997,-0.01251,0.5131,-0.00015,0.52099,-0.00182,g
102,1,0,0.38521,0.15564,0.41245,0.07393,0.26459,0.24125,0.23346,0.1323,0.19455,0.25292,0.24514,0.36965,0.08949,0.22956999999999997,-0.03891,0.36965,0.05058,0.24903000000000003,0.24903000000000003,0.09727999999999999,0.07782,0.29961,-0.02494,0.28481999999999996,-0.060239999999999995,0.26256,-0.14786,0.14786,-0.09339,0.31128,-0.19066,0.28794000000000003,b
103,0,0,1.0,1.0,1.0,-1.0,0.0,0.0,0.0,0.0,-1.0,-1.0,0.0,0.0,0.0,0.0,-1.0,1.0,1.0,1.0,-1.0,1.0,-1.0,1.0,1.0,-1.0,1.0,1.0,-1.0,1.0,1.0,1.0,0.0,0.0,b
104,1,0,0.0,0.0,-1.0,-0.62766,1.0,0.51064,0.07979,-0.23404,-1.0,-0.3617,0.12766,-0.59043,1.0,-1.0,0.0,0.0,0.8297899999999999,-0.07979,-0.25,1.0,0.17021,-0.70745,0.0,0.0,-0.19149000000000002,-0.46808999999999995,-0.2234,-0.48936,0.74468,0.9042600000000001,-0.67553,0.45745,b
105,1,0,0.0546,0.014369999999999999,-0.02586,0.04598,0.014369999999999999,0.04598,-0.07758999999999999,0.008620000000000001,0.017240000000000002,-0.06609,-0.037360000000000004,0.0431,-0.08333,-0.04598,-0.09483,0.08046,-0.04023,0.05172,0.02011,0.02299,-0.037360000000000004,-0.01149,0.03161,-0.008620000000000001,0.008620000000000001,0.017240000000000002,0.02586,0.01149,0.02586,0.01149,-0.04598,-0.00575,b
106,1,0,0.0,0.0,0.0,0.0,1.0,1.0,-1.0,-1.0,0.0,0.0,1.0,-0.11110999999999999,0.0,0.0,0.0,0.0,-1.0,1.0,1.0,1.0,1.0,-1.0,0.0,0.0,1.0,-1.0,0.0,0.0,0.0,0.0,1.0,1.0,b
107,1,0,0.62745,-0.07843,0.72549,0.0,0.6078399999999999,-0.07843,0.62745,-0.11765,0.6862699999999999,-0.11765,0.66667,-0.13725,0.6470600000000001,-0.09804,0.54902,-0.11765,0.54902,-0.21569000000000002,0.58824,-0.19608,0.66667,-0.23529,0.45098,-0.2549,0.52409,-0.24668,0.56863,-0.31373,0.43137,-0.21569000000000002,0.47058999999999995,-0.27451,b
108,1,0,0.8811,0.0,0.9481700000000001,-0.02744,0.9359799999999999,-0.0122,0.9024399999999999,0.01829,0.9024399999999999,0.01829,0.9390200000000001,0.00915,0.9573200000000001,0.00305,1.0,0.02744,0.9420700000000001,-0.0122,0.90854,0.024390000000000002,0.9146299999999999,0.05488,0.99695,0.048780000000000004,0.89666,0.02226,0.90854,0.00915,1.0,0.05488,0.9756100000000001,-0.0122,g
109,1,0,0.8885299999999999,0.016309999999999998,0.92007,0.01305,0.92442,0.013590000000000001,0.89179,-0.10223,0.9010299999999999,-0.08428,0.9304,-0.010329999999999999,0.93094,-0.08918,0.86025,-0.05057,0.89451,-0.04024,0.88418,-0.12125999999999999,0.88907,-0.11909000000000002,0.8298,-0.14138,0.8645299999999999,-0.11807999999999999,0.85536,-0.13051,0.83524,-0.12452,0.8678600000000001,-0.12235,g
110,1,0,0.85736,0.00075,0.81927,-0.056760000000000005,0.7752100000000001,-0.041819999999999996,0.8431700000000001,0.09037,0.8625799999999999,0.11949000000000001,0.88051,-0.061239999999999996,0.78342,0.0351,0.83719,-0.06796,0.8357,-0.1419,0.88125,0.01195,0.90515,0.0224,0.79686,-0.01942,0.82383,-0.03678,0.88125,-0.06423,0.73936,-0.01942,0.79089,-0.09186,g
111,1,0,0.64947,-0.07896,0.5826399999999999,-0.1438,-0.13129000000000002,-0.21384,0.29796,0.04403,0.38095999999999997,-0.26339,0.28931,-0.31997,0.034589999999999996,-0.18947,0.20269,-0.29441,0.15195999999999998,-0.29052,0.09512999999999999,-0.31525,0.06556000000000001,-0.26795,0.030039999999999997,-0.25124,-0.00045999999999999996,-0.2321,-0.026119999999999997,-0.21129,-0.04717,-0.1895,0.013359999999999999,-0.27201,g
112,1,0,1.0,0.00433,1.0,-0.01209,1.0,-0.0296,1.0,-0.07014,0.97839,-0.06256,1.0,-0.06544,0.9726100000000001,-0.07917,0.92561,-0.13665,0.94184,-0.14327,0.9958899999999999,-0.14248,0.94815,-0.13565,0.89469,-0.20851,0.8906700000000001,-0.17909,0.85644,-0.18552000000000002,0.8377700000000001,-0.20101,0.83867,-0.20765999999999998,g
113,1,0,1.0,0.09771,1.0,0.12197000000000001,1.0,0.22574,0.9860200000000001,0.09237000000000001,0.9493,0.19211,0.9299200000000001,0.24288,0.89241,0.28343,0.85529,0.26721,0.8365600000000001,0.33129000000000003,0.83393,0.31698000000000004,0.74829,0.39597,0.76193,0.34658,0.68452,0.42746000000000006,0.62764,0.46031000000000005,0.56791,0.47033,0.54252,0.50903,g
114,1,0,0.02337,-0.00592,-0.09924,-0.11949000000000001,-0.00763,-0.11824000000000001,0.14706,0.06637,0.037860000000000005,-0.06302,0.0,0.0,-0.04572,-0.1554,-0.00343,-0.10196000000000001,-0.11575,-0.05414,0.01838,0.03669,0.01519,0.008879999999999999,0.03513,-0.01535,-0.0324,0.09222999999999999,-0.07859,0.00732,0.0,0.0,-0.00039,0.12011,b
115,1,0,1.0,-0.14236,1.0,-0.16255999999999998,1.0,-0.23656,1.0,-0.07514,1.0,-0.2501,1.0,-0.26161,1.0,-0.21975,1.0,-0.38606,1.0,-0.46162,1.0,-0.35519,1.0,-0.5966100000000001,1.0,-0.47643,0.9882,-0.49687,1.0,-0.7582,1.0,-0.75761,1.0,-0.8443700000000001,g
116,1,0,0.65845,0.43617,0.44681000000000004,0.7480399999999999,0.05319,0.85106,-0.32027,0.82139,-0.68253,0.52408,-0.84211,0.07111,-0.82811,-0.28723000000000004,-0.47031999999999996,-0.71725,-0.04759,-0.8600200000000001,0.23292,-0.7631600000000001,0.56663,-0.52128,0.743,-0.18645,0.74758,0.23713,0.45185,0.5907100000000001,0.20549,0.76764,-0.18533,0.74356,g
117,1,0,0.8941,0.13425,0.8700100000000001,0.31543000000000004,0.78896,0.43388000000000004,0.63388,0.59975,0.54003,0.71016,0.39699,0.76161,0.24266,0.79523,0.09134,0.79598,-0.09158999999999999,0.76261,-0.20201,0.6692600000000001,-0.30263,0.6261,-0.40552,0.50489,-0.46215,0.40753,-0.5031399999999999,0.27252,-0.52823,0.19172,-0.48808,0.05972,g
118,1,0,0.45455,0.09091,0.63636,0.09091,0.27273000000000003,0.18182,0.63636,0.0,0.36364,-0.09091,0.45455,-0.09091,0.48612,-0.013430000000000001,0.63636,-0.18182,0.45455,0.0,0.36364,-0.09091,0.27273000000000003,0.18182,0.36364,-0.09091,0.34442,-0.01768,0.27273000000000003,0.0,0.36364,0.0,0.28985,-0.01832,g
119,1,0,0.8777200000000001,-0.08152000000000001,0.83424,0.07337,0.84783,0.040760000000000005,0.77174,-0.02174,0.77174,-0.05707,0.82337,-0.10597999999999999,0.67935,-0.00543,0.8804299999999999,-0.20924,0.83424,0.03261,0.86413,-0.05977999999999999,0.97283,-0.27989,0.85054,-0.1875,0.83705,-0.10211,0.8587,-0.03261,0.78533,-0.1087,0.79076,-0.00543,g
120,0,0,1.0,1.0,1.0,-1.0,1.0,-1.0,1.0,1.0,0.0,0.0,1.0,-1.0,0.0,0.0,0.0,0.0,0.0,0.0,-1.0,1.0,1.0,1.0,0.0,0.0,1.0,1.0,0.0,0.0,-1.0,-1.0,0.0,0.0,b
121,1,0,0.74449,-0.0239,0.70772,0.033089999999999994,0.72243,0.16912,0.79228,0.07721,0.81434,0.43933999999999995,0.6378699999999999,0.00551,0.70772,0.21691,1.0,0.060660000000000006,0.61029,0.05147,0.6746300000000001,0.04228,0.52022,-0.25,0.72978,-0.15809,0.61727,0.07124,0.30882,0.0864,0.55916,0.07458,0.6029399999999999,0.21691,g
122,1,0,-1.0,-1.0,-0.50694,1.0,1.0,-1.0,1.0,0.53819,0.0,0.0,0.23958000000000002,-1.0,1.0,1.0,0.0,0.0,1.0,1.0,1.0,1.0,0.0,0.0,-0.71528,1.0,0.33333,-1.0,1.0,-1.0,0.69792,-1.0,0.47568999999999995,1.0,b
123,1,0,0.6351,-0.04388,0.7653,0.02968,0.61432,0.36028000000000004,0.65358,-0.00462,0.64203,0.08313999999999999,0.79446,-0.43418,0.72517,0.54965,0.5958399999999999,0.13857,0.6351,0.2194,0.63279,-0.25404,0.7095100000000001,0.15359,0.64665,0.23095,0.68775,0.17704,0.61663,0.07621,0.6631600000000001,0.19841,0.69053,0.36721,g
124,1,0,1.0,0.11765,1.0,0.23529,1.0,0.41176,1.0,0.058820000000000004,1.0,0.23529,1.0,0.11765,1.0,0.47058999999999995,1.0,-0.058820000000000004,1.0,-0.11765,1.0,0.35294000000000003,1.0,0.41176,1.0,-0.11765,1.0,0.20225,1.0,0.058820000000000004,1.0,0.35294000000000003,1.0,0.23529,g
125,1,0,0.5,0.0,0.38695999999999997,0.10435,0.4913,0.06522,0.46957,-0.03913,0.35652,-0.12609,0.45652,0.047830000000000004,0.50435,0.02609,0.35652,0.19565,0.42173999999999995,0.14783,0.42173999999999995,-0.02609,0.32174,-0.11304000000000002,0.47391000000000005,-0.0087,0.41789,0.06907999999999999,0.38695999999999997,0.03913,0.35217,0.14783,0.44783,0.17390999999999998,g
126,1,0,0.33333,-0.25,0.44443999999999995,0.22221999999999997,0.38889,0.16667,0.41667,0.13889,0.5,-0.11110999999999999,0.54911,-0.08442999999999999,0.58333,0.33333,0.55556,0.027780000000000003,0.25,-0.19444,0.47222,-0.055560000000000005,0.52778,-0.027780000000000003,0.38889,0.08333,0.41543,-0.14256,0.19444,-0.13889,0.36924,-0.14809,0.08333,-0.5,g
127,1,0,0.72727,-0.05,0.89241,0.03462,1.0,0.72727,0.66364,-0.05909,0.48181999999999997,-0.16818,0.81809,0.09559,0.56818,1.0,0.50455,0.21818,0.66818,0.1,1.0,-0.3,0.98636,-1.0,0.5727300000000001,0.32727,0.56982,0.14673,0.42273,0.08182,0.48927,0.14643,1.0,1.0,b
128,1,0,0.88085,0.35231999999999997,0.68389,0.65128,0.34815999999999997,0.79784,0.058320000000000004,0.9084200000000001,-0.29784,0.8649,-0.62635,0.6959,-0.7710600000000001,0.39309,-0.85803,0.08408,-0.8164100000000001,-0.24017,-0.64579,-0.50022,-0.39766,-0.68337,-0.11147,-0.7553300000000001,0.17040999999999998,-0.71504,0.40675,-0.57649,0.56626,-0.36765,0.62765,-0.13305,g
129,0,0,0.0,0.0,1.0,1.0,1.0,1.0,0.0,0.0,0.0,0.0,-1.0,-1.0,0.0,0.0,-1.0,-1.0,0.0,0.0,0.0,0.0,1.0,1.0,0.0,0.0,1.0,1.0,0.0,0.0,-1.0,1.0,0.0,0.0,b
130,0,0,1.0,-1.0,1.0,1.0,1.0,-1.0,1.0,1.0,1.0,-1.0,1.0,-1.0,1.0,-1.0,1.0,1.0,1.0,1.0,1.0,1.0,1.0,-1.0,1.0,1.0,1.0,1.0,1.0,1.0,1.0,1.0,1.0,-1.0,b
131,1,0,0.61538,0.18923,0.78157,0.0178,0.77486,0.02647,0.65077,-0.10307999999999999,0.7753800000000001,0.08,0.73961,0.0506,0.72322,0.05776,0.68615,-0.08922999999999999,0.61692,0.16308,0.66233,0.07572999999999999,0.63878,0.08041,0.60154,-0.07231,0.58803,0.08767,0.55077,0.25692,0.53389,0.09207,0.5060899999999999,0.09322000000000001,g
132,0,0,1.0,1.0,1.0,-1.0,1.0,1.0,1.0,1.0,1.0,1.0,1.0,1.0,1.0,1.0,1.0,-1.0,-1.0,1.0,-1.0,1.0,-1.0,1.0,1.0,-1.0,1.0,1.0,-1.0,1.0,-1.0,-1.0,-1.0,1.0,b
133,1,0,1.0,0.5782,1.0,-1.0,1.0,-1.0,1.0,-1.0,1.0,-1.0,1.0,-1.0,1.0,-1.0,1.0,-1.0,1.0,-1.0,1.0,-0.6279600000000001,1.0,-1.0,1.0,-1.0,1.0,-1.0,1.0,-1.0,1.0,-1.0,1.0,-1.0,b
134,1,0,1.0,-0.01179,1.0,-0.00343,1.0,-0.01565,1.0,-0.01565,1.0,-0.028089999999999997,1.0,-0.02187,0.99828,-0.030869999999999998,0.9952799999999999,-0.03238,0.9931399999999999,-0.03452,1.0,-0.038810000000000004,1.0,-0.05039,1.0,-0.04931,0.9984200000000001,-0.05527000000000001,0.9940000000000001,-0.06304,0.9905700000000001,-0.06497,0.9897100000000001,-0.06667999999999999,g
135,1,0,0.94052,-0.015309999999999999,0.9417,0.01001,0.94994,-0.014719999999999999,0.95878,-0.0106,0.9464100000000001,-0.0371,0.97173,-0.017669999999999998,0.97055,-0.03887,0.95465,-0.040639999999999996,0.9523,-0.04711,0.94229,-0.02179,0.92815,-0.04417,0.9204899999999999,-0.04476,0.92695,-0.05827,0.9034200000000001,-0.07479,0.91991,-0.07244,0.9204899999999999,-0.0742,g
136,1,0,1.0,-1.0,0.0,0.0,0.77941,-0.99265,0.80882,0.55147,-0.41912,-0.9485299999999999,0.0,0.0,0.0,0.0,0.72059,-0.7720600000000001,0.73529,-0.6029399999999999,0.0,0.0,0.18382,-1.0,-1.0,-1.0,-1.0,-1.0,1.0,-1.0,1.0,-1.0,0.0,0.0,b
137,1,0,1.0,-0.28428000000000003,1.0,-0.25346,0.9462299999999999,-0.35094000000000003,1.0,-0.30566,0.9273600000000001,-0.49057,0.9081799999999999,-0.44118999999999997,0.7572300000000001,-0.58899,0.69748,-0.58019,0.59623,-0.5757899999999999,0.6845899999999999,-0.70975,0.54465,-0.8732700000000001,0.49213999999999997,-0.73333,0.35504,-0.76054,0.26352,-0.7823899999999999,0.16604000000000002,-0.73145,0.13994,-0.7,g
138,1,0,0.7087,-0.24783000000000002,0.64348,0.04348,0.45216999999999996,0.38261,0.65217,0.18261,0.5,0.26957,0.57826,-0.23043000000000002,0.50435,0.37826,0.38695999999999997,-0.42608999999999997,0.36086999999999997,-0.26087,0.26957,0.11739000000000001,0.53246,-0.03845,0.31304,-0.12174000000000001,0.4993,-0.04264,0.48348,-0.04448,0.64348,-0.25217,0.50435,0.14783,g
139,0,0,0.0,0.0,1.0,1.0,0.0,0.0,1.0,1.0,0.0,0.0,1.0,-1.0,0.0,0.0,0.0,0.0,0.0,0.0,0.0,0.0,0.0,0.0,0.0,0.0,1.0,-1.0,0.0,0.0,-1.0,1.0,0.0,0.0,b
140,1,0,1.0,0.67784,0.81309,0.82021,0.43018999999999996,1.0,0.20619,0.8054100000000001,-0.43872,1.0,-0.79135,0.7709199999999999,-1.0,0.40268000000000004,-0.39046,-0.58634,-0.9790700000000001,-0.42822,-0.73083,-0.76339,-0.37671,-0.97491,0.41366,-1.0,0.41778000000000004,-0.93296,0.25773,-1.0,0.9357,-0.35222,0.98816,0.034460000000000005,g
141,1,0,0.97467,0.13082,0.9412,0.20035999999999998,0.8878299999999999,0.32248000000000004,0.8900899999999999,0.32711,0.8555,0.45216999999999996,0.7229800000000001,0.52284,0.6994600000000001,0.5882,0.58548,0.66893,0.48868999999999996,0.70398,0.44245,0.6815899999999999,0.35289,0.75622,0.26832,0.7621,0.16813,0.78541,0.07497000000000001,0.8043899999999999,-0.02962,0.7770199999999999,-0.10289000000000001,0.74242,g
142,1,0,0.9287,0.33164,0.76168,0.62349,0.49305,0.8426600000000001,0.21591999999999997,0.9519299999999999,-0.13956,0.96167,-0.47202,0.8359,-0.7074699999999999,0.6549,-0.87474,0.3675,-0.91814,0.05595,-0.8982399999999999,-0.26173,-0.73969,-0.54069,-0.50757,-0.74735,-0.22323,-0.8612200000000001,0.0781,-0.87159,0.36021,-0.78057,0.59407,-0.6027,g
143,1,0,0.42708,-0.5,0.0,0.0,0.0,0.0,0.46458,0.51042,0.58958,0.02083,0.0,0.0,0.0,0.0,0.16458,-0.45416999999999996,0.59167,-0.18333,0.0,0.0,0.0,0.0,0.9875,-0.40833,-1.0,-1.0,-0.27917,-0.75625,0.0,0.0,0.0,0.0,b
144,1,0,1.0,0.16195,1.0,-0.05558,1.0,0.013730000000000001,1.0,-0.12352,1.0,-0.01511,1.0,-0.01731,1.0,-0.06373999999999999,1.0,-0.07157000000000001,1.0,0.059000000000000004,1.0,-0.10107999999999999,1.0,-0.02685,1.0,-0.22978,1.0,-0.06823,1.0,0.08299,1.0,-0.14194,1.0,-0.07439,g
145,1,0,0.89835,0.35157,0.67333,0.62233,0.43898000000000004,0.94353,-0.036430000000000004,0.8051,-0.22838000000000003,0.75334,-0.25137,0.48816000000000004,-0.57377,0.28415,-0.6675,0.10590999999999999,-0.47358999999999996,-0.06192999999999999,-0.8105600000000001,-0.060110000000000004,-0.33197,-0.47591999999999995,-0.12897,-0.5362,0.07157999999999999,-0.51925,0.24320999999999998,-0.43478,0.36586,-0.30057,0.42805,0.13297,g
146,0,0,0.0,0.0,0.0,0.0,0.0,0.0,0.0,0.0,0.0,0.0,-1.0,-1.0,0.0,0.0,1.0,0.75,0.0,0.0,0.0,0.0,-1.0,1.0,0.0,0.0,1.0,-1.0,-1.0,-1.0,1.0,1.0,0.0,0.0,b
147,1,0,0.84557,-0.0858,-0.31745,-0.80553,-0.08961000000000001,-0.56435,0.80648,0.04576,0.8951399999999999,-0.00763,-0.18494000000000002,0.63966,-0.20019,-0.68065,0.85701,-0.11344000000000001,0.77979,-0.15729,-0.06959,0.5081,-0.34128000000000003,0.80934,0.78932,-0.03718,0.70882,-0.25288,0.77884,-0.14109000000000002,-0.21354,-0.7817,-0.18494000000000002,-0.59867,b
148,1,0,0.8970600000000001,0.38235,0.91176,0.375,0.74265,0.67647,0.45588,0.77941,0.19118,0.88971,-0.02206,0.86029,-0.20588,0.8235299999999999,-0.375,0.67647,-0.5,0.47794,-0.73529,0.38235,-0.86029,0.08824,-0.74265,-0.125,-0.67925,-0.24131,-0.55147,-0.42646999999999996,-0.44118,-0.50735,-0.28676,-0.56618,g
149,1,0,0.0,0.0,0.0,0.0,0.0,0.0,-1.0,1.0,0.0,0.0,1.0,0.37333,-0.12,-0.12,0.0,0.0,-1.0,-1.0,0.0,0.0,1.0,-1.0,0.0,0.0,1.0,0.22666999999999998,0.0,0.0,0.0,0.0,0.0,0.0,b
150,0,0,0.0,0.0,0.0,0.0,0.0,0.0,0.0,0.0,0.0,0.0,0.0,0.0,0.0,0.0,0.0,0.0,0.0,0.0,0.0,0.0,0.0,0.0,0.0,0.0,1.0,-1.0,0.0,0.0,0.0,0.0,0.0,0.0,b
151,1,0,0.79378,0.29491999999999996,0.64064,0.52312,0.41318999999999995,0.68158,0.14177,0.8354799999999999,-0.16831,0.78772,-0.42911000000000005,0.72328,-0.57165,0.41471,-0.75436,0.16755,-0.69977,-0.09856000000000001,-0.57695,-0.23503000000000002,-0.40637,-0.38287,-0.17437,-0.5254,0.01523,-0.48707,0.1903,-0.38059,0.31008,-0.23199,0.34571999999999997,-0.08036,g
152,1,0,0.9224700000000001,-0.19448,0.96419,-0.17674,0.87024,-0.22601999999999997,0.81702,-0.2707,0.79271,-0.28909,0.70302,-0.49638999999999994,0.63338,-0.49967,0.37254,-0.70729,0.2707,-0.72109,0.40506,-0.54172,0.33509,-0.59691,0.1475,-0.6360100000000001,0.09312000000000001,-0.5958899999999999,-0.07162,-0.54928,-0.0184,-0.54074,-0.07457000000000001,-0.47898,g
153,1,0,1.0,-1.0,1.0,1.0,1.0,-1.0,1.0,-1.0,1.0,-1.0,1.0,-0.0184,1.0,-1.0,1.0,1.0,1.0,-0.85583,1.0,1.0,1.0,-1.0,0.0,0.0,1.0,1.0,1.0,-0.7914100000000001,1.0,1.0,1.0,1.0,b
154,1,0,0.99025,-0.05785,0.9979299999999999,-0.13009,0.9866299999999999,-0.1943,0.99374,-0.25843,0.92738,-0.3013,0.9265100000000001,-0.37965,0.89812,-0.43796,0.8492200000000001,-0.52064,0.8743299999999999,-0.57075,0.7901600000000001,-0.59839,0.74725,-0.64615,0.68282,-0.68479,0.65247,-0.73174,0.6101,-0.75353,0.54752,-0.80278,0.49195,-0.83245,g
155,1,0,-1.0,-0.59677,0.0,0.0,-1.0,0.6451600000000001,-0.87097,1.0,0.0,0.0,0.0,0.0,0.0,0.0,0.0,0.0,0.0,0.0,-1.0,-1.0,0.0,0.0,0.29839,0.23387,1.0,0.51613,0.0,0.0,0.0,0.0,0.0,0.0,b
156,1,0,1.0,-0.01342,1.0,0.01566,1.0,-0.00224,1.0,0.06264,0.9776299999999999,0.044739999999999995,0.95973,0.02908,1.0,0.06488,0.9888100000000001,0.03356,1.0,0.035789999999999995,0.9977600000000001,0.09396,0.95749,0.07382999999999999,1.0,0.10067000000000001,0.99989,0.08763,0.99105,0.08501,1.0,0.10067000000000001,1.0,0.10067000000000001,g
157,1,0,1.0,-0.18829,0.93035,-0.36156,-0.10868,-0.9359700000000001,1.0,-0.045489999999999996,0.50874,-0.67743,0.34431999999999996,-0.69707,-0.51685,-0.97515,0.05499,-0.62237,0.33109,-1.0,-0.13151,-0.45299999999999996,-0.18056,-0.35734,-0.20332,-0.26569,-0.20468,-0.18400999999999998,-0.1904,-0.11592999999999999,-0.16626,-0.06287999999999999,-0.13738,-0.02447,b
158,0,0,-1.0,1.0,1.0,-1.0,-1.0,1.0,0.0,0.0,1.0,1.0,-1.0,-0.1875,1.0,1.0,-1.0,-1.0,1.0,-1.0,-1.0,-1.0,1.0,1.0,1.0,-1.0,1.0,1.0,1.0,1.0,0.0,0.0,-1.0,-1.0,b
159,1,0,1.0,-0.57224,0.9915,-0.7337100000000001,0.89518,-0.9745,1.0,-0.35818,1.0,-0.23229,0.6289,-0.8640200000000001,1.0,-0.57535,1.0,-0.79603,0.76771,-0.8895200000000001,0.96601,-1.0,0.7012,-0.7489600000000001,0.61946,-0.76904,0.53777,-0.77986,0.8102,-1.0,1.0,-1.0,0.30445,-0.76112,g
160,1,0,0.93147,0.29281999999999997,0.7991699999999999,0.5575600000000001,0.5995199999999999,0.71596,0.26203000000000004,0.9265100000000001,0.046360000000000005,0.9674799999999999,-0.23237,0.9513,-0.5592600000000001,0.81018,-0.73329,0.62385,-0.90995,0.36200000000000004,-0.9225399999999999,0.0604,-0.9361799999999999,-0.19838,-0.8319200000000001,-0.46906000000000003,-0.65165,-0.6955600000000001,-0.41223000000000004,-0.85725,-0.1359,-0.93953,0.10007,-0.9482299999999999,g
161,1,0,0.8688899999999999,-0.07111,1.0,-0.02494,1.0,-0.06888999999999999,0.8777799999999999,0.0022199999999999998,0.8355600000000001,-0.06444,1.0,-0.07287,1.0,-0.2,0.8688899999999999,0.053329999999999995,0.88,-0.03778,1.0,-0.11525999999999999,1.0,-0.18667,0.84444,0.03556,1.0,-0.14162,0.8222200000000001,-0.14667,1.0,-0.15609,1.0,-0.44222,g
162,1,0,0.84783,0.10597999999999999,1.0,0.3913,1.0,-1.0,0.66938,0.08424,1.0,0.27038,1.0,0.60598,1.0,0.35507,1.0,0.026719999999999997,0.58424,-0.43025,1.0,0.6349600000000001,0.8913,0.26585,0.91033,-0.33333,1.0,0.15942,0.37681,-0.019469999999999998,1.0,0.22464,1.0,0.37409000000000003,b
163,1,0,0.44443999999999995,0.44443999999999995,0.53695,0.9076299999999999,-0.22221999999999997,1.0,-0.33333,0.88889,-1.0,0.33333,-1.0,-0.11110999999999999,-1.0,-0.22221999999999997,-0.66667,-0.77778,0.55556,-1.0,-0.22221999999999997,-0.77778,0.77778,-0.22221999999999997,0.33333,0.0,0.9212,0.45019,0.5745399999999999,0.8435299999999999,0.22221999999999997,1.0,-0.55556,1.0,g
164,1,0,0.9520200000000001,0.02254,0.9375700000000001,-0.01272,0.9352600000000001,0.01214,0.96705,-0.01734,0.96936,0.0052,0.95665,-0.030639999999999997,0.9526,-0.00405,0.9948,-0.02659,0.99769,0.01792,0.93584,-0.049710000000000004,0.93815,-0.0237,0.97052,-0.04451,0.96215,-0.01647,0.9739899999999999,0.01908,0.95434,-0.0341,0.9583799999999999,0.00809,g
165,1,0,-0.26666999999999996,0.4,-0.27303,0.12159,-0.17778,-0.04444,0.06192,-0.06879,0.044610000000000004,0.02575,-0.00885,0.027260000000000003,-0.01586,-0.0016600000000000002,-0.00093,-0.00883,0.0047,-0.0015300000000000001,0.0013800000000000002,0.00238,-0.00114,0.0010199999999999999,-0.0006900000000000001,-0.0005,0.00018999999999999998,-0.00043,0.00026000000000000003,5e-05,0.0,0.00015,-8e-05,2e-05,b
166,1,0,-0.01864,-0.08459,0.0,0.0,0.0,0.0,0.1147,-0.2681,-0.45663000000000004,-0.38172,0.0,0.0,-0.33655999999999997,0.38602,-0.37133,0.15018,0.6372800000000001,0.22115,0.0,0.0,0.0,0.0,-0.14803,-0.01326,0.20645,-0.022940000000000002,0.0,0.0,0.16595,0.24086,-0.08208,0.38065,b
167,1,0,1.0,-0.06604,1.0,0.62937,1.0,0.09557,1.0,0.2028,1.0,-1.0,1.0,-0.40559,1.0,-0.15850999999999998,1.0,0.04895,1.0,-0.61538,1.0,-0.26573,1.0,-1.0,1.0,-0.5804199999999999,1.0,-0.81372,1.0,-1.0,1.0,-0.78555,1.0,-0.48252,g
168,1,0,0.9464899999999999,0.00892,0.9728700000000001,-0.0026,0.9892200000000001,0.00372,0.95801,0.01598,0.9405399999999999,0.0353,0.9721299999999999,0.047189999999999996,0.98625,0.018580000000000003,0.9427700000000001,0.07135,0.98551,-0.0070599999999999994,0.9777,0.0498,0.9635799999999999,0.07098,0.93274,0.08101,0.9524299999999999,0.04356,0.9747299999999999,0.00818,0.97845,0.07061,1.0,-0.0026,g
169,1,0,0.39394,-0.24241999999999997,0.62655,0.0127,0.45455,0.09091,0.63636,0.09091,0.21211999999999998,-0.21211999999999998,0.57576,0.15152000000000002,0.39394,0.0,0.5615600000000001,0.045610000000000005,0.51515,0.0303,0.78788,0.18182,0.30303,-0.15152000000000002,0.48526,0.059289999999999995,0.46362,0.06142,0.33333,-0.0303,0.41856000000000004,0.0641,0.39394,0.24241999999999997,g
170,1,0,1.0,-0.37838,0.64865,0.2973,0.64865,-0.24324,0.8648600000000001,0.18919,1.0,-0.27026999999999995,0.51351,0.0,0.62162,-0.05405,0.32432,-0.21622,0.71833,-0.17665999999999998,0.62162,0.05405,0.75676,0.13514,0.35135,-0.2973,0.61031,-0.22163000000000002,0.58478,-0.23026999999999997,0.72973,-0.59459,0.51351,-0.24324,g
171,1,0,-0.67935,-1.0,-1.0,1.0,1.0,0.63317,0.03515,-1.0,-1.0,-1.0,1.0,1.0,0.8868299999999999,-1.0,-1.0,1.0,0.8384,1.0,1.0,-1.0,-1.0,-1.0,-0.18855999999999998,1.0,1.0,-1.0,-1.0,-1.0,-1.0,1.0,1.0,0.33610999999999996,b
172,1,0,1.0,0.06538,1.0,0.20745999999999998,1.0,0.26281,0.9305100000000001,0.32213,0.8677299999999999,0.39039,0.75474,0.5008199999999999,0.79555,0.5232100000000001,0.65954,0.60756,0.57619,0.6299899999999999,0.47807,0.67135,0.40553,0.6884,0.34384000000000003,0.72082,0.27712,0.7238600000000001,0.19296,0.70682,0.11372,0.72688,0.0699,0.71444,g
173,1,0,0.81143,0.03714,0.8514299999999999,-0.00143,0.79,0.0071400000000000005,0.79571,-0.04286,0.87571,0.0,0.8557100000000001,-0.06713999999999999,0.86429,0.00286,0.82857,-0.05429,0.81,-0.11857000000000001,0.76857,-0.08429,0.84286,-0.05,0.77,-0.06857,0.81598,-0.08669,0.82571,-0.10429000000000001,0.81429,-0.05,0.8214299999999999,-0.15143,g
174,1,0,0.9408,0.11932999999999999,0.8573799999999999,0.01038,0.85124,0.01546,0.76966,-0.00278,0.84459,0.10916,0.8328899999999999,0.03027,0.8268,0.03506,0.74838,0.019430000000000003,0.80019,0.02405,0.80862,0.049010000000000005,0.8025899999999999,0.053520000000000005,0.77336,0.0222,0.7905800000000001,0.06235,0.85939,0.09251000000000001,0.77863,0.0709,0.77269,0.07508,g
