,A1,A2,A3,A4,A5,A6,A7,A8,A9,A10,A11,A12,A13,A14,A15,A16,A17,A18,A19,A20,A21,A22,A23,A24,A25,A26,A27,A28,A29,A30,A31,A32,A33,A34,A35,A36,A37,A38,A39,A40,A41,A42,A43,A44,A45,A46,A47,A48,A49,A50,A51,A52,A53,A54,A55,A56,A57,A58,A59,A60,Class
0,0.0363,0.0478,0.0298,0.021,0.1409,0.1916,0.1349,0.1613,0.1703,0.1444,0.1989,0.2154,0.2863,0.35700000000000004,0.39799999999999996,0.4359,0.5334,0.6304,0.6995,0.7435,0.8379,0.8641,0.9014,0.9432,0.9536,1.0,0.9547,0.9745,0.8962,0.7196,0.5462,0.3156,0.2525,0.1969,0.2189,0.1533,0.0711,0.1498,0.1755,0.2276,0.1322,0.1056,0.1973,0.1692,0.1881,0.1177,0.0779,0.0495,0.0492,0.0194,0.025,0.0115,0.019,0.0055,0.0096,0.005,0.0066,0.0114,0.0073,0.0033,M
1,0.0197,0.0394,0.0384,0.0076,0.0251,0.0629,0.0747,0.0578,0.1357,0.1695,0.1734,0.247,0.3141,0.3297,0.2759,0.2056,0.1162,0.1884,0.33899999999999997,0.3926,0.4282,0.5418,0.6448,0.7223,0.7853,0.7984,0.8847,0.9582,0.899,0.6831,0.6108,0.5479999999999999,0.5058,0.4476,0.2401,0.1405,0.1772,0.1742,0.3326,0.4021,0.3009,0.2075,0.1206,0.0255,0.0298,0.0691,0.0781,0.0777,0.0369,0.0057,0.0091,0.0134,0.0097,0.0042,0.0058,0.0072,0.0041,0.0045,0.0047,0.0054,M
2,0.0286,0.0453,0.0277,0.0174,0.0384,0.099,0.1201,0.1833,0.2105,0.3039,0.2988,0.425,0.6343,0.8198,1.0,0.9988,0.9508,0.9025,0.7234,0.5122,0.2074,0.3985,0.589,0.2872,0.2043,0.5782,0.5389,0.375,0.3411,0.5067,0.5579999999999999,0.4778,0.3299,0.2198,0.1407,0.2856,0.3807,0.4158,0.4054,0.3296,0.2707,0.265,0.0723,0.1238,0.1192,0.1089,0.0623,0.0494,0.0264,0.0081,0.0104,0.0045,0.0014,0.0038,0.0013,0.0089,0.0057,0.0027,0.0051,0.0062,R
3,0.1021,0.083,0.0577,0.0627,0.0635,0.1328,0.0988,0.1787,0.1199,0.1369,0.2509,0.2631,0.2796,0.2977,0.3823,0.3129,0.3956,0.2093,0.3218,0.3345,0.3184,0.2887,0.361,0.2566,0.4106,0.4591,0.4722,0.7278,0.7591,0.6579,0.7514,0.6666,0.4903,0.5962,0.6552,0.4014,0.1188,0.3245,0.3107,0.1354,0.5109,0.7988,0.7517,0.5508,0.5858,0.7292,0.5522,0.3339,0.1608,0.0475,0.1004,0.0709,0.0317,0.0309,0.0252,0.0087,0.0177,0.0214,0.0227,0.0106,M
4,0.0094,0.0611,0.1136,0.1203,0.0403,0.1227,0.2495,0.4566,0.6587,0.5079,0.335,0.0834,0.3004,0.3957,0.3769,0.3828,0.1247,0.1363,0.2678,0.9188,0.9779,0.3236,0.1944,0.1874,0.0885,0.3443,0.2953,0.5908,0.4564,0.7334,0.1969,0.27899999999999997,0.6212,0.8681,0.8621,0.938,0.8327,0.948,0.6721,0.4436,0.5163,0.3809,0.1557,0.1449,0.2662,0.1806,0.1699,0.2559,0.1129,0.0201,0.048,0.0234,0.0175,0.0352,0.0158,0.0326,0.0201,0.0168,0.0245,0.0154,M
5,0.024,0.0218,0.0324,0.0569,0.033,0.0513,0.0897,0.0713,0.0569,0.0389,0.1934,0.2434,0.2906,0.2606,0.3811,0.4997,0.3015,0.3655,0.6791,0.7307,0.5053,0.4441,0.6987,0.8133,0.7781,0.8943,0.8929,0.8913,0.861,0.8063,0.5539999999999999,0.2446,0.3459,0.1615,0.2467,0.5564,0.4681,0.0979,0.1582,0.0751,0.3321,0.3745,0.2666,0.1078,0.1418,0.1687,0.0738,0.0634,0.0144,0.0226,0.0061,0.0162,0.0146,0.0093,0.0112,0.0094,0.0054,0.0019,0.0066,0.0023,R
6,0.009000000000000001,0.0062,0.0253,0.0489,0.1197,0.1589,0.1392,0.0987,0.0955,0.1895,0.1896,0.2547,0.4073,0.2988,0.2901,0.5326,0.4022,0.1571,0.3024,0.3907,0.3542,0.4438,0.6414,0.4601,0.6009,0.8690000000000001,0.8345,0.7669,0.5081,0.462,0.5379999999999999,0.5375,0.3844,0.3601,0.7402,0.7761,0.3858,0.0667,0.3684,0.6114,0.35100000000000003,0.2312,0.2195,0.3051,0.1937,0.157,0.0479,0.0538,0.0146,0.0068,0.0187,0.0059,0.0095,0.0194,0.008,0.0152,0.0158,0.0053,0.0189,0.0102,R
7,0.0664,0.0575,0.0842,0.0372,0.0458,0.0771,0.0771,0.113,0.2353,0.1838,0.2869,0.4129,0.3647,0.1984,0.284,0.4039,0.5837,0.6792,0.6086,0.4858,0.3246,0.2013,0.2082,0.1686,0.2484,0.2736,0.2984,0.4655,0.6990000000000001,0.7474,0.7956,0.7981,0.6715,0.6942,0.7440000000000001,0.8169,0.8912,1.0,0.8753,0.7061,0.6803,0.5898,0.4618,0.3639,0.1492,0.1216,0.1306,0.1198,0.0578,0.0235,0.0135,0.0141,0.019,0.0043,0.0036,0.0026,0.0024,0.0162,0.0109,0.0079,R
8,0.0187,0.0346,0.0168,0.0177,0.0393,0.163,0.2028,0.1694,0.2328,0.2684,0.3108,0.2933,0.2275,0.0994,0.1801,0.22,0.2732,0.2862,0.2034,0.174,0.413,0.6879,0.812,0.8453,0.8919,0.93,0.9987,1.0,0.8104,0.6199,0.6041,0.5547,0.41600000000000004,0.1472,0.0849,0.0608,0.0969,0.1411,0.1676,0.12,0.1201,0.1036,0.1977,0.1339,0.0902,0.1085,0.1521,0.1363,0.0858,0.028999999999999998,0.0203,0.0116,0.0098,0.0199,0.0033,0.0101,0.0065,0.0115,0.0193,0.0157,M
9,0.0135,0.0045,0.0051,0.0289,0.0561,0.0929,0.1031,0.0883,0.1596,0.1908,0.1576,0.1112,0.1197,0.1174,0.1415,0.2215,0.2658,0.2713,0.3862,0.5717,0.6797,0.8747,1.0,0.8948,0.8420000000000001,0.9174,0.9307,0.905,0.8228,0.6986,0.5831,0.4924,0.4563,0.5159,0.5670000000000001,0.5284,0.5144,0.3742,0.2282,0.1193,0.1088,0.0431,0.107,0.0583,0.0046,0.0473,0.0408,0.028999999999999998,0.0192,0.0094,0.0025,0.0037,0.0084,0.0102,0.0096,0.0024,0.0037,0.0028,0.003,0.003,R
10,0.0272,0.0378,0.0488,0.0848,0.1127,0.1103,0.1349,0.2337,0.3113,0.3997,0.3941,0.3309,0.2926,0.17600000000000002,0.1739,0.2043,0.2088,0.2678,0.2434,0.1839,0.2802,0.6172,0.8015,0.8313,0.8440000000000001,0.8494,0.9168,1.0,0.7896,0.5371,0.6472,0.6505,0.4959,0.2175,0.099,0.0434,0.1708,0.1979,0.188,0.1108,0.1702,0.0585,0.0638,0.1391,0.0638,0.0581,0.0641,0.1044,0.0732,0.0275,0.0146,0.0091,0.0045,0.0043,0.0043,0.0098,0.0054,0.0051,0.0065,0.0103,M
11,0.0126,0.0149,0.0641,0.1732,0.2565,0.2559,0.2947,0.41100000000000003,0.4983,0.5920000000000001,0.5832,0.5419,0.5472,0.5314,0.4981,0.6985,0.8292,0.7839,0.8215,0.9363,1.0,0.9224,0.7839,0.547,0.4562,0.5922,0.5448,0.3971,0.0882,0.2385,0.2005,0.0587,0.2544,0.2009,0.0329,0.1547,0.1212,0.2446,0.3171,0.3195,0.3051,0.0836,0.1266,0.1381,0.1136,0.0516,0.0073,0.0278,0.0372,0.0121,0.0153,0.0092,0.0035,0.0098,0.0121,0.0006,0.0181,0.0094,0.0116,0.0063,R
12,0.0091,0.0213,0.0206,0.0505,0.0657,0.0795,0.09699999999999999,0.0872,0.0743,0.0837,0.1579,0.0898,0.0309,0.1856,0.2969,0.2032,0.1264,0.1655,0.1661,0.2091,0.231,0.446,0.6634,0.6933,0.7663,0.8206,0.7049,0.7559999999999999,0.7466,0.6387,0.4846,0.3328,0.5356,0.8741,0.8573,0.6718,0.3446,0.315,0.2702,0.2598,0.2742,0.3594,0.4382,0.24600000000000002,0.0758,0.0187,0.0797,0.0748,0.0367,0.0155,0.03,0.0112,0.0112,0.0102,0.0026,0.0097,0.0098,0.0043,0.0071,0.0108,R
13,0.0587,0.121,0.1268,0.1498,0.1436,0.0561,0.0832,0.0672,0.1372,0.2352,0.3208,0.4257,0.5201,0.4914,0.595,0.7221,0.9039,0.9111,0.8723,0.7686,0.7326,0.5222,0.3097,0.3172,0.22699999999999998,0.16399999999999998,0.1746,0.1835,0.2048,0.1674,0.2767,0.3104,0.3399,0.4441,0.5046,0.2814,0.1681,0.2633,0.3198,0.1933,0.0934,0.0443,0.078,0.0722,0.0405,0.0553,0.1081,0.1139,0.0767,0.0265,0.0215,0.0331,0.0111,0.0088,0.0158,0.0122,0.0038,0.0101,0.0228,0.0124,M
14,0.0392,0.0108,0.0267,0.0257,0.040999999999999995,0.0491,0.1053,0.16899999999999998,0.2105,0.2471,0.268,0.3049,0.2863,0.2294,0.1165,0.2127,0.2062,0.2222,0.3241,0.433,0.5071,0.5944,0.7078,0.7641,0.8878,0.9711,0.988,0.9812,0.9464,0.8542,0.6457,0.3397,0.3828,0.3204,0.1331,0.044000000000000004,0.1234,0.203,0.1652,0.1043,0.1066,0.21100000000000002,0.2417,0.1631,0.0769,0.0723,0.0912,0.0812,0.0496,0.0101,0.0089,0.0083,0.008,0.0026,0.0079,0.0042,0.0071,0.0044,0.0022,0.0014,M
15,0.0207,0.0535,0.0334,0.0818,0.07400000000000001,0.0324,0.0918,0.107,0.1553,0.1234,0.1796,0.1787,0.1247,0.2577,0.337,0.39899999999999997,0.1647,0.2266,0.3219,0.5356,0.8159,1.0,0.8701,0.6889,0.6299,0.5738,0.5707,0.5976,0.4301,0.2058,0.1,0.2247,0.2308,0.3977,0.3317,0.1726,0.1429,0.2168,0.1967,0.214,0.3674,0.2023,0.0778,0.0925,0.2388,0.34,0.2594,0.1102,0.0911,0.0462,0.0171,0.0033,0.005,0.019,0.0103,0.0121,0.0042,0.009000000000000001,0.006999999999999999,0.0099,M
16,0.0329,0.0216,0.0386,0.0627,0.1158,0.1482,0.2054,0.1605,0.2532,0.2672,0.3056,0.3161,0.2314,0.2067,0.1804,0.2808,0.4423,0.5947,0.6601,0.5844,0.4539,0.4789,0.5646,0.5281,0.7115,1.0,0.9564,0.609,0.5112,0.4,0.0482,0.1852,0.2186,0.1436,0.1757,0.1428,0.1644,0.3089,0.3648,0.4441,0.3859,0.2813,0.1238,0.0953,0.1201,0.0825,0.0618,0.0141,0.0108,0.0124,0.0104,0.0095,0.0151,0.0059,0.0015,0.0053,0.0016,0.0042,0.0053,0.0074,M
17,0.0519,0.0548,0.0842,0.0319,0.1158,0.0922,0.1027,0.0613,0.1465,0.2838,0.2802,0.3086,0.2657,0.3801,0.5626,0.4376,0.2617,0.1199,0.6676,0.9402,0.7832,0.5352,0.6809,0.9174,0.7613,0.8220000000000001,0.8872,0.6091,0.2967,0.1103,0.1318,0.0624,0.099,0.4006,0.3666,0.105,0.1915,0.39299999999999996,0.4288,0.2546,0.1151,0.2196,0.1879,0.1437,0.2146,0.23600000000000002,0.1125,0.0254,0.0285,0.0178,0.0052,0.0081,0.012,0.0045,0.0121,0.0097,0.0085,0.0047,0.0048,0.0053,R
18,0.0388,0.0324,0.0688,0.0898,0.1267,0.1515,0.2134,0.2613,0.2832,0.2718,0.3645,0.3934,0.3843,0.4677,0.5364,0.4823,0.4835,0.5862,0.7579,0.6997,0.6918,0.8633,0.9107,0.9346,0.7884,0.8585,0.9261,0.708,0.5779,0.5215,0.4505,0.3129,0.1448,0.1046,0.182,0.1519,0.1017,0.1438,0.1986,0.2039,0.2778,0.2879,0.1331,0.114,0.131,0.1433,0.0624,0.01,0.0098,0.0131,0.0152,0.0255,0.0071,0.0263,0.0079,0.0111,0.0107,0.0068,0.0097,0.0067,M
19,0.1088,0.1278,0.0926,0.1234,0.1276,0.1731,0.1948,0.4262,0.6828,0.5761,0.4733,0.2362,0.1023,0.2904,0.4713,0.4659,0.1415,0.0849,0.3257,0.9007,0.9312,0.4856,0.1346,0.1604,0.2737,0.5609,0.3654,0.6139,0.547,0.8474,0.5638,0.5443,0.5086,0.6253,0.8497,0.8406,0.8420000000000001,0.9136,0.7713,0.4882,0.3724,0.4469,0.4586,0.4491,0.5616,0.4305,0.0945,0.0794,0.0274,0.0154,0.013999999999999999,0.0455,0.0213,0.0082,0.0124,0.0167,0.0103,0.0205,0.0178,0.0187,M
20,0.0123,0.0309,0.0169,0.0313,0.0358,0.0102,0.0182,0.0579,0.1122,0.0835,0.0548,0.0847,0.2026,0.2557,0.187,0.2032,0.1463,0.2849,0.5824,0.7728,0.7852,0.8515,0.5312,0.3653,0.5973,0.8275,1.0,0.8673,0.6301,0.4591,0.39399999999999996,0.2576,0.2817,0.2641,0.2757,0.2698,0.3994,0.4576,0.39399999999999996,0.2522,0.1782,0.1354,0.0516,0.0337,0.0894,0.0861,0.0872,0.0445,0.0134,0.0217,0.0188,0.0133,0.0265,0.0224,0.0074,0.0118,0.0026,0.0092,0.0009,0.0044,R
21,0.005,0.0017,0.027000000000000003,0.045,0.0958,0.083,0.0879,0.122,0.1977,0.2282,0.2521,0.3484,0.3309,0.2614,0.1782,0.2055,0.2298,0.3545,0.6218,0.7265,0.8346,0.8268,0.8366,0.9408,0.951,0.9801,0.9974,1.0,0.9036,0.6409,0.3857,0.2908,0.204,0.1653,0.1769,0.114,0.07400000000000001,0.0941,0.0621,0.0426,0.0572,0.1068,0.1909,0.2229,0.2203,0.2265,0.1766,0.1097,0.0558,0.0142,0.0281,0.0165,0.0056,0.001,0.0027,0.0062,0.0024,0.0063,0.0017,0.0028,M
22,0.0311,0.0491,0.0692,0.0831,0.0079,0.02,0.0981,0.1016,0.2025,0.0767,0.1767,0.2555,0.2812,0.2722,0.3227,0.3463,0.5395,0.7911,0.9064,0.8701,0.7672,0.2957,0.4148,0.6043,0.3178,0.3482,0.6158,0.8049,0.6289,0.4999,0.583,0.6659999999999999,0.4124,0.126,0.2487,0.4676,0.5382,0.315,0.2139,0.1848,0.1679,0.2328,0.1015,0.0713,0.0615,0.0779,0.0761,0.0845,0.0592,0.0068,0.0089,0.0087,0.0032,0.013000000000000001,0.0188,0.0101,0.0229,0.0182,0.0046,0.0038,R
23,0.0261,0.0266,0.0223,0.0749,0.1364,0.1513,0.1316,0.1654,0.1864,0.2013,0.289,0.365,0.35100000000000003,0.3495,0.4325,0.5398,0.6237,0.6876,0.7329,0.8107,0.8396,0.8632,0.8747,0.9607,0.9716,0.9121,0.8576,0.8798,0.772,0.5711,0.4264,0.28600000000000003,0.3114,0.2066,0.1165,0.0185,0.1302,0.248,0.1637,0.1103,0.2144,0.2033,0.1887,0.13699999999999998,0.1376,0.0307,0.0373,0.0606,0.0399,0.0169,0.0135,0.0222,0.0175,0.0127,0.0022,0.0124,0.0054,0.0021,0.0028,0.0023,M
24,0.0094,0.0333,0.0306,0.0376,0.1296,0.1795,0.1909,0.1692,0.187,0.1725,0.2228,0.3106,0.4144,0.5157,0.5369,0.5107,0.6441,0.7326,0.8164,0.8856,0.9891,1.0,0.875,0.8631,0.9074,0.8674,0.775,0.66,0.5615,0.4016,0.2331,0.1164,0.1095,0.0431,0.0619,0.1956,0.212,0.3242,0.4102,0.2939,0.1911,0.1702,0.10099999999999999,0.1512,0.1427,0.1097,0.1173,0.0972,0.0703,0.0281,0.0216,0.0153,0.0112,0.0241,0.0164,0.0055,0.0078,0.0055,0.0091,0.0067,M
25,0.0151,0.032,0.0599,0.105,0.1163,0.1734,0.1679,0.1119,0.0889,0.1205,0.0847,0.1518,0.2305,0.2793,0.3404,0.4527,0.695,0.8807,0.9154,0.7542,0.6736,0.7146,0.8335,0.7701,0.6993,0.6543,0.504,0.4926,0.4992,0.4161,0.1631,0.0404,0.0637,0.2962,0.3609,0.1866,0.0476,0.1497,0.2405,0.198,0.3175,0.2379,0.1716,0.1559,0.1556,0.0422,0.0493,0.0476,0.0219,0.0059,0.0086,0.0061,0.0015,0.0084,0.0128,0.0054,0.0011,0.0019,0.0023,0.0062,R
26,0.0258,0.0433,0.0547,0.0681,0.0784,0.125,0.1296,0.1729,0.2794,0.2954,0.2506,0.2601,0.2249,0.2115,0.127,0.1193,0.1794,0.2185,0.1646,0.07400000000000001,0.0625,0.2381,0.4824,0.6372,0.7531,0.8959,0.9941,0.9957,0.9328,0.9344,0.8854,0.769,0.6865,0.639,0.6378,0.6629,0.5983,0.4565,0.3129,0.4158,0.4325,0.4031,0.4201,0.4557,0.3955,0.2966,0.2095,0.1558,0.0884,0.0265,0.0121,0.0091,0.0062,0.0019,0.0045,0.0079,0.0031,0.0063,0.0048,0.005,M
27,0.0067,0.0096,0.0024,0.0058,0.0197,0.0618,0.0432,0.0951,0.0836,0.11800000000000001,0.0978,0.0909,0.0656,0.0593,0.0832,0.1297,0.2038,0.3811,0.4451,0.5224,0.5911,0.6566,0.6308,0.5998,0.4958,0.5647,0.6906,0.8513,1.0,0.9166,0.7676,0.6177,0.5468,0.5516,0.5463,0.5515,0.4561,0.3466,0.3384,0.2853,0.2502,0.1641,0.1605,0.1491,0.1326,0.0687,0.0602,0.0561,0.0306,0.0154,0.0029,0.0048,0.0023,0.002,0.004,0.0019,0.0034,0.0034,0.0051,0.0031,R
28,0.0123,0.0022,0.0196,0.0206,0.018000000000000002,0.0492,0.0033,0.0398,0.0791,0.0475,0.1152,0.052000000000000005,0.1192,0.1943,0.184,0.2077,0.1956,0.163,0.1218,0.1017,0.1354,0.3157,0.4645,0.5906,0.6776,0.8119,0.8594,0.9228,0.8387,0.7238,0.6292,0.5181,0.4629,0.5255,0.5147,0.3929,0.1279,0.0411,0.0859,0.1131,0.1306,0.1757,0.2648,0.1955,0.0656,0.057999999999999996,0.0319,0.0301,0.0272,0.0074,0.0149,0.0125,0.0134,0.0026,0.0038,0.0018,0.0113,0.0058,0.0047,0.0071,R
29,0.0094,0.0166,0.0398,0.0359,0.0681,0.0706,0.102,0.0893,0.0381,0.1328,0.1303,0.0273,0.0644,0.0712,0.1204,0.0717,0.1224,0.2349,0.3684,0.3918,0.4925,0.8793,0.9606,0.8786,0.6905,0.6937,0.5674,0.654,0.7802,0.7575,0.5836,0.6316,0.8108,0.9039,0.8647,0.6695,0.4027,0.237,0.2685,0.3662,0.3267,0.22,0.2996,0.2205,0.1163,0.0635,0.0465,0.0422,0.0174,0.0172,0.0134,0.0141,0.0191,0.0145,0.0065,0.0129,0.0217,0.0087,0.0077,0.0122,R
30,0.0352,0.0116,0.0191,0.0469,0.0737,0.1185,0.1683,0.1541,0.1466,0.2912,0.2328,0.2237,0.247,0.156,0.3491,0.3308,0.2299,0.2203,0.2493,0.4128,0.3158,0.6191,0.5854,0.3395,0.2561,0.5599,0.8145,0.6941,0.6985,0.866,0.593,0.3664,0.675,0.8697,0.7837,0.7552,0.5789,0.4713,0.1252,0.6087,0.7322,0.5977,0.3431,0.1803,0.2378,0.3424,0.2303,0.0689,0.0216,0.0469,0.0426,0.0346,0.0158,0.0154,0.0109,0.0048,0.0095,0.0015,0.0073,0.0067,R
31,0.0189,0.0308,0.0197,0.0622,0.008,0.0789,0.14400000000000002,0.1451,0.1789,0.2522,0.2607,0.371,0.3906,0.2672,0.2716,0.4183,0.6988,0.5733,0.2226,0.2631,0.7473,0.7263,0.3393,0.2824,0.6053,0.5897,0.4967,0.8616,0.8339,0.4084,0.2268,0.1745,0.0507,0.1588,0.304,0.1369,0.1605,0.2061,0.0734,0.0202,0.1638,0.1583,0.183,0.1886,0.1008,0.0663,0.0183,0.0404,0.0108,0.0143,0.0091,0.0038,0.0096,0.0142,0.019,0.013999999999999999,0.0099,0.0092,0.0052,0.0075,R
32,0.0071,0.0103,0.0135,0.0494,0.0253,0.0806,0.0701,0.0738,0.0117,0.0898,0.0289,0.1554,0.1437,0.1035,0.1424,0.1227,0.0892,0.2047,0.0827,0.1524,0.3031,0.1608,0.0667,0.1426,0.0395,0.1653,0.3399,0.4855,0.5206,0.5508,0.6102,0.5989,0.6764,0.8897,1.0,0.9517,0.8459,0.7073,0.6697,0.6326,0.5102,0.4161,0.2816,0.1705,0.1421,0.0971,0.0879,0.0863,0.0355,0.0233,0.0252,0.0043,0.0048,0.0076,0.0124,0.0105,0.0054,0.0032,0.0073,0.0063,R
33,0.0599,0.0474,0.0498,0.0387,0.1026,0.0773,0.0853,0.0447,0.1094,0.0351,0.1582,0.2023,0.2268,0.2829,0.3819,0.4665,0.6687,0.8647,0.9361,0.9367,0.9144,0.9162,0.9311,0.8604,0.7327,0.5763,0.4162,0.4113,0.4146,0.3149,0.2936,0.3169,0.3149,0.4132,0.3994,0.4195,0.4532,0.4419,0.4737,0.3431,0.3194,0.337,0.2493,0.265,0.1748,0.0932,0.053,0.0081,0.0342,0.0137,0.0028,0.0013,0.0005,0.0227,0.0209,0.0081,0.0117,0.0114,0.0112,0.01,M
34,0.0228,0.0106,0.013000000000000001,0.0842,0.1117,0.1506,0.1776,0.0997,0.1428,0.2227,0.2621,0.3109,0.2859,0.3316,0.3755,0.4499,0.4765,0.6254,0.7304,0.8702,0.9349,0.9614,0.9126,0.9443,1.0,0.9455,0.8815,0.752,0.7068,0.5986,0.3857,0.251,0.2162,0.0968,0.1323,0.1344,0.225,0.3244,0.3939,0.3806,0.3258,0.3654,0.2983,0.1779,0.1535,0.1199,0.0959,0.0765,0.0649,0.0313,0.0185,0.0098,0.0178,0.0077,0.0074,0.0095,0.0055,0.0045,0.0063,0.0039,M
35,0.0109,0.0093,0.0121,0.0378,0.0679,0.0863,0.1004,0.0664,0.0941,0.1036,0.0972,0.0501,0.1546,0.3404,0.4804,0.657,0.7738,0.7827,0.8152,0.8129,0.8297,0.8535,0.887,0.8894,0.898,0.9667,1.0,0.9134,0.6762,0.4659,0.2895,0.2959,0.1746,0.2112,0.2569,0.2276,0.2149,0.1601,0.0371,0.0117,0.0488,0.0288,0.0597,0.0431,0.0369,0.0025,0.0327,0.0257,0.0182,0.0108,0.0124,0.0077,0.0023,0.0117,0.0053,0.0077,0.0076,0.0056,0.0055,0.0039,R
36,0.0233,0.0394,0.0416,0.0547,0.0993,0.1515,0.1674,0.1513,0.1723,0.2078,0.1239,0.0236,0.1771,0.3115,0.499,0.6707,0.7655,0.8485,0.9805,1.0,1.0,0.9992,0.9067,0.6803,0.5103,0.4716,0.498,0.6196,0.7171,0.6316,0.3554,0.2897,0.4316,0.3791,0.2421,0.0944,0.0351,0.0844,0.0436,0.113,0.2045,0.1937,0.0834,0.1502,0.1675,0.1058,0.1111,0.0849,0.0596,0.0201,0.0071,0.0104,0.0062,0.0026,0.0025,0.0061,0.0038,0.0101,0.0078,0.0006,M
37,0.0335,0.0134,0.0696,0.11800000000000001,0.0348,0.11800000000000001,0.1948,0.1607,0.3036,0.4372,0.5533,0.5771,0.7022,0.7067,0.7367,0.7391,0.8622,0.9458,0.8782,0.7913,0.5760000000000001,0.3061,0.0563,0.0239,0.2554,0.4862,0.5027,0.4402,0.2847,0.1797,0.35600000000000004,0.3522,0.3321,0.3112,0.3638,0.0754,0.1834,0.182,0.1815,0.1593,0.0576,0.0954,0.1086,0.0812,0.0784,0.0487,0.0439,0.0586,0.037000000000000005,0.0185,0.0302,0.0244,0.0232,0.0093,0.0159,0.0193,0.0032,0.0377,0.0126,0.0156,M
38,0.0491,0.0279,0.0592,0.127,0.1772,0.1908,0.2217,0.0768,0.1246,0.2028,0.0947,0.2497,0.2209,0.3195,0.33399999999999996,0.3323,0.278,0.2975,0.2948,0.1729,0.3264,0.3834,0.3523,0.541,0.5228,0.4475,0.534,0.5323,0.3907,0.3456,0.4091,0.4639,0.5579999999999999,0.5727,0.6355,0.7563,0.6903,0.6176,0.5379,0.5622,0.6508,0.4797,0.3736,0.2804,0.1982,0.2438,0.1789,0.1706,0.0762,0.0238,0.0268,0.0081,0.0129,0.0161,0.0063,0.0119,0.0194,0.013999999999999999,0.0332,0.0439,M
39,0.0368,0.0279,0.0103,0.0566,0.0759,0.0679,0.09699999999999999,0.1473,0.2164,0.2544,0.2936,0.2935,0.2657,0.3187,0.2794,0.2534,0.198,0.1929,0.2826,0.3245,0.3504,0.3324,0.4217,0.4774,0.4808,0.6325,0.8334,0.9458,1.0,0.8425,0.5524,0.4795,0.52,0.3968,0.19399999999999998,0.1519,0.201,0.1736,0.1029,0.2244,0.3717,0.4449,0.3939,0.203,0.201,0.2187,0.184,0.1477,0.0971,0.0224,0.0151,0.0105,0.0024,0.0018,0.0057,0.0092,0.0009,0.0086,0.011000000000000001,0.0052,M
40,0.0129,0.0141,0.0309,0.0375,0.0767,0.0787,0.0662,0.1108,0.1777,0.2245,0.2431,0.3134,0.3206,0.2917,0.2249,0.2347,0.2143,0.2939,0.4898,0.6127,0.7531,0.7718,0.7432,0.8673,0.9308,0.9836,1.0,0.9595,0.8722,0.6862,0.4901,0.32799999999999996,0.3115,0.1969,0.1019,0.0317,0.0756,0.0907,0.1066,0.138,0.0665,0.1475,0.247,0.2788,0.2709,0.2283,0.1818,0.1185,0.0546,0.0219,0.0204,0.0124,0.0093,0.0072,0.0019,0.0027,0.0054,0.0017,0.0024,0.0029,M
41,0.019,0.0038,0.0642,0.0452,0.0333,0.069,0.0901,0.1454,0.07400000000000001,0.0349,0.1459,0.3473,0.3197,0.2823,0.0166,0.0572,0.2164,0.4563,0.3819,0.5627,0.6484,0.7235,0.8242,0.8766,1.0,0.8582,0.6563,0.5087,0.4817,0.45299999999999996,0.4521,0.4532,0.5385,0.5308,0.5356,0.5271,0.426,0.2436,0.1205,0.3845,0.4107,0.5067,0.4216,0.2479,0.1586,0.1124,0.0651,0.0789,0.0325,0.006999999999999999,0.0026,0.0093,0.0118,0.0112,0.0094,0.013999999999999999,0.0072,0.0022,0.0055,0.0122,R
42,0.0262,0.0582,0.1099,0.1083,0.0974,0.228,0.2431,0.3771,0.5598,0.6194,0.6333,0.706,0.5544,0.532,0.6479,0.6931,0.6759,0.7551,0.8929,0.8619,0.7974,0.6737,0.4293,0.3648,0.5331,0.2413,0.507,0.8533,0.6036,0.8514,0.8512,0.5045,0.1862,0.2709,0.4232,0.3043,0.6116,0.6756,0.5375,0.4719,0.4647,0.2587,0.2129,0.2222,0.2111,0.0176,0.1348,0.0744,0.013000000000000001,0.0106,0.0033,0.0232,0.0166,0.0095,0.018000000000000002,0.0244,0.0316,0.0164,0.0095,0.0078,R
43,0.0442,0.0477,0.0049,0.0581,0.0278,0.0678,0.1664,0.149,0.0974,0.1268,0.1109,0.2375,0.2007,0.214,0.1109,0.2036,0.2468,0.6682,0.8345,0.8252,0.8017,0.8982,0.9664,0.8515,0.6626,0.3241,0.2054,0.5669,0.5726,0.4877,0.7532,0.76,0.5185,0.41200000000000003,0.556,0.5569,0.1336,0.3831,0.4611,0.433,0.2556,0.1466,0.3489,0.2659,0.0944,0.13699999999999998,0.1344,0.0416,0.0719,0.0637,0.021,0.0204,0.0216,0.0135,0.0055,0.0073,0.008,0.0105,0.0059,0.0105,R
44,0.0158,0.0239,0.015,0.0494,0.0988,0.1425,0.1463,0.1219,0.1697,0.1923,0.2361,0.2719,0.3049,0.2986,0.2226,0.1745,0.2459,0.31,0.3572,0.4283,0.4268,0.3735,0.4585,0.6094,0.7221,0.7595,0.8706,1.0,0.9815,0.7187,0.5848,0.4192,0.3756,0.3263,0.1944,0.1394,0.16699999999999998,0.1275,0.1666,0.2574,0.2258,0.2777,0.1613,0.1335,0.1976,0.1234,0.1554,0.1057,0.049,0.0097,0.0223,0.0121,0.0108,0.0057,0.0028,0.0079,0.0034,0.0046,0.0022,0.0021,M
45,0.0635,0.0709,0.0453,0.0333,0.0185,0.126,0.1015,0.1918,0.3362,0.39,0.4674,0.5632,0.5506,0.4343,0.3052,0.3492,0.3975,0.3875,0.528,0.7198,0.7702,0.8562,0.8688,0.9236,1.0,0.9662,0.9822,0.736,0.4158,0.2918,0.32799999999999996,0.369,0.345,0.2863,0.0864,0.3724,0.4649,0.3488,0.1817,0.1142,0.122,0.2621,0.4461,0.4726,0.3263,0.1423,0.039,0.0406,0.0311,0.0086,0.0154,0.0048,0.0025,0.0087,0.0072,0.0095,0.0086,0.0085,0.004,0.0051,M
46,0.0249,0.0119,0.0277,0.076,0.1218,0.1538,0.1192,0.1229,0.2119,0.2531,0.2855,0.2961,0.3341,0.4287,0.5205,0.6087,0.7236,0.7577,0.7726,0.8098,0.8995,0.9247,0.9365,0.9853,0.9776,1.0,0.9896,0.9076,0.7306,0.5758,0.4469,0.3719,0.2079,0.0955,0.0488,0.1406,0.2554,0.2054,0.1614,0.2232,0.1773,0.2293,0.2521,0.1464,0.0673,0.0965,0.1492,0.1128,0.0463,0.0193,0.013999999999999999,0.0027,0.0068,0.015,0.0012,0.0133,0.0048,0.0244,0.0077,0.0074,M
47,0.0201,0.0178,0.0274,0.0232,0.0724,0.0833,0.1232,0.1298,0.2085,0.272,0.2188,0.3037,0.2959,0.2059,0.0906,0.161,0.18,0.218,0.2026,0.1506,0.0521,0.2143,0.4333,0.5943,0.6926,0.7576,0.8787,0.9059999999999999,0.8528,0.9087,0.9657,0.9306,0.7774,0.6643,0.6604,0.6884,0.6938,0.5932,0.5774,0.6223,0.5841,0.4527,0.4911,0.5762,0.5013,0.4042,0.3123,0.2232,0.1085,0.0414,0.0253,0.0131,0.0049,0.0104,0.0102,0.0092,0.0083,0.002,0.0048,0.0036,M
48,0.0093,0.0185,0.0056,0.0064,0.026000000000000002,0.0458,0.047,0.0057,0.0425,0.064,0.0888,0.1599,0.1541,0.2768,0.2176,0.2799,0.3491,0.2824,0.2479,0.3005,0.43,0.4684,0.452,0.5026,0.6217,0.6571,0.6632,0.7321,0.8534,1.0,0.8448,0.6354,0.6308,0.6211,0.6976,0.5868,0.4889,0.3683,0.2043,0.1469,0.222,0.1449,0.149,0.1211,0.1144,0.0791,0.0365,0.0152,0.0085,0.012,0.0022,0.0069,0.0064,0.0129,0.0114,0.0054,0.0089,0.005,0.0058,0.0025,R
49,0.0526,0.0563,0.1219,0.1206,0.0246,0.1022,0.0539,0.0439,0.2291,0.1632,0.2544,0.2807,0.3011,0.3361,0.3024,0.2285,0.29100000000000004,0.1316,0.1151,0.3404,0.5562,0.6379,0.6553,0.7384,0.6534,0.5423,0.6877,0.7325,0.7726,0.8229,0.8787,0.9108,0.6705,0.6092,0.7505,0.4775,0.1666,0.3749,0.3776,0.2106,0.5886,0.5628,0.2577,0.5245,0.6149,0.5123,0.3385,0.1499,0.0546,0.027000000000000003,0.038,0.0339,0.0149,0.0335,0.0376,0.0174,0.0132,0.0103,0.0364,0.0208,M
50,0.0715,0.0849,0.0587,0.0218,0.0862,0.1801,0.1916,0.1896,0.29600000000000004,0.4186,0.4867,0.5249,0.5959,0.6855,0.8573,0.9718,0.8693,0.8711,0.8954,0.9922,0.898,0.8158,0.8373,0.7541,0.5893,0.5488,0.5643,0.5406,0.4783,0.4439,0.3698,0.2574,0.1478,0.1743,0.1229,0.1588,0.1803,0.1436,0.1667,0.263,0.2234,0.1239,0.0869,0.2092,0.1499,0.0676,0.0899,0.0927,0.0658,0.0086,0.0216,0.0153,0.0121,0.0096,0.0196,0.0042,0.0066,0.0099,0.0083,0.0124,M
51,0.0056,0.0267,0.0221,0.0561,0.0936,0.1146,0.0706,0.0996,0.1673,0.1859,0.2481,0.2712,0.2934,0.2637,0.188,0.1405,0.2028,0.2613,0.2778,0.3346,0.38299999999999995,0.4003,0.5114,0.6859999999999999,0.7490000000000001,0.7843,0.9021,1.0,0.8888,0.6511,0.6083,0.4463,0.2948,0.1729,0.1488,0.0801,0.177,0.1382,0.2404,0.2046,0.19699999999999998,0.2778,0.1377,0.0685,0.0664,0.1665,0.1807,0.1245,0.0516,0.0044,0.0185,0.0072,0.0055,0.0074,0.0068,0.0084,0.0037,0.0024,0.0034,0.0007,M
52,0.0039,0.0063,0.0152,0.0336,0.031,0.0284,0.0396,0.0272,0.0323,0.0452,0.0492,0.0996,0.1424,0.1194,0.0628,0.0907,0.1177,0.1429,0.1223,0.1104,0.1847,0.3715,0.4382,0.5707,0.6654,0.7476,0.7654,0.8555,0.972,0.9221,0.7502,0.7209,0.7757,0.6055,0.5021,0.4499,0.3947,0.4281,0.4427,0.3749,0.1972,0.0511,0.0793,0.1269,0.1533,0.069,0.0402,0.0534,0.0228,0.0073,0.0062,0.0062,0.012,0.0052,0.0056,0.0093,0.0042,0.0003,0.0053,0.0036,R
53,0.0412,0.1135,0.0518,0.0232,0.0646,0.1124,0.1787,0.2407,0.2682,0.2058,0.1546,0.2671,0.3141,0.2904,0.3531,0.5079,0.4639,0.1859,0.4474,0.4079,0.54,0.4786,0.4332,0.6113,0.5091,0.4606,0.7243,0.8987,0.8826,0.9201,0.8005,0.6033,0.212,0.2866,0.4033,0.2803,0.3087,0.355,0.2545,0.1432,0.5869,0.6431,0.5826,0.4286,0.4894,0.5777,0.4315,0.264,0.1794,0.0772,0.0798,0.0376,0.0143,0.0272,0.0127,0.0166,0.0095,0.0225,0.0098,0.0085,M
54,0.01,0.0194,0.0155,0.0489,0.0839,0.1009,0.1627,0.2071,0.2696,0.299,0.3242,0.3565,0.3951,0.5201,0.6953,0.8468,1.0,0.9278,0.851,0.8009999999999999,0.8142,0.8825,0.7302,0.6107,0.7159,0.8458,0.6319,0.4808,0.6291,0.7152,0.6005,0.4235,0.4106,0.3992,0.17300000000000001,0.1975,0.237,0.1339,0.1583,0.3151,0.1968,0.2054,0.1272,0.1129,0.1946,0.2195,0.193,0.1498,0.0773,0.0196,0.0122,0.013000000000000001,0.0073,0.0077,0.0075,0.006,0.008,0.0019,0.0053,0.0019,R
55,0.0209,0.0191,0.0411,0.0321,0.0698,0.1579,0.1438,0.1402,0.3048,0.3914,0.3504,0.3669,0.3943,0.3311,0.3331,0.3002,0.2324,0.1381,0.345,0.4428,0.489,0.3677,0.4379,0.4864,0.6207,0.7256,0.6624,0.7689,0.7981,0.8577,0.9273,0.7009,0.4851,0.3409,0.1406,0.1147,0.1433,0.182,0.3605,0.5529,0.5988,0.5077,0.5512,0.5027,0.7034,0.5904,0.4069,0.2761,0.1584,0.051,0.0054,0.0078,0.0201,0.0104,0.0039,0.0031,0.0062,0.0087,0.006999999999999999,0.0042,M
56,0.0443,0.0446,0.0235,0.1008,0.2252,0.2611,0.2061,0.1668,0.1801,0.3083,0.3794,0.5364,0.6173,0.7842,0.8392,0.9016,1.0,0.8911,0.8753,0.7886,0.7156,0.7581,0.6372,0.321,0.2076,0.2279,0.3309,0.2847,0.1949,0.1671,0.1025,0.1362,0.2212,0.1124,0.1677,0.1039,0.2562,0.2624,0.2236,0.11800000000000001,0.1103,0.2831,0.2385,0.0255,0.1967,0.1483,0.0434,0.0627,0.0513,0.0473,0.0248,0.0274,0.0205,0.0141,0.0185,0.0055,0.0045,0.0115,0.0152,0.01,M
57,0.0378,0.0318,0.0423,0.035,0.1787,0.1635,0.0887,0.0817,0.1779,0.2053,0.3135,0.3118,0.3686,0.3885,0.585,0.7868,0.9739,1.0,0.9843,0.861,0.8443,0.9061,0.5847,0.4033,0.5946,0.6793,0.6389,0.5002,0.5578,0.4831,0.4729,0.3318,0.3969,0.3894,0.2314,0.1036,0.1312,0.0864,0.2569,0.3179,0.2649,0.2714,0.1713,0.0584,0.12300000000000001,0.22,0.2198,0.1074,0.0423,0.0162,0.0093,0.0046,0.0044,0.0078,0.0102,0.0065,0.0061,0.0062,0.0043,0.0053,R
58,0.0176,0.0172,0.0501,0.0285,0.0262,0.0351,0.0362,0.0535,0.0258,0.0474,0.0526,0.1854,0.10400000000000001,0.0948,0.0912,0.1688,0.1568,0.0375,0.1316,0.2086,0.1976,0.0946,0.1965,0.1242,0.0616,0.2141,0.4642,0.6471,0.634,0.6107,0.7046,0.5376,0.5934,0.8443,0.9481,0.9705,0.7766,0.6313,0.5760000000000001,0.6148,0.545,0.4813,0.3406,0.1916,0.1134,0.064,0.0911,0.098,0.0563,0.0187,0.0088,0.0042,0.0175,0.0171,0.0079,0.005,0.0112,0.0179,0.0294,0.0063,R
59,0.0115,0.015,0.0136,0.0076,0.0211,0.1058,0.1023,0.044000000000000004,0.0931,0.0734,0.07400000000000001,0.0622,0.1055,0.1183,0.1721,0.2584,0.3232,0.3817,0.4243,0.4217,0.4449,0.4075,0.3306,0.4012,0.4466,0.5218,0.7552,0.9503,1.0,0.9084,0.8283,0.7571,0.7262,0.6152,0.568,0.5757,0.5324,0.3672,0.1669,0.0866,0.0646,0.1891,0.2683,0.2887,0.2341,0.1668,0.1015,0.1195,0.0704,0.0167,0.0107,0.0091,0.0016,0.0084,0.0064,0.0026,0.0029,0.0037,0.006999999999999999,0.0041,R
60,0.0721,0.1574,0.1112,0.1085,0.0666,0.18,0.1108,0.2794,0.1408,0.0795,0.2534,0.392,0.3375,0.161,0.1889,0.3308,0.2282,0.2177,0.1853,0.5167,0.5342,0.6298,0.8437,0.6756,0.5825,0.6141,0.8809,0.8375,0.3869,0.5051,0.5455,0.4241,0.1534,0.495,0.6983,0.7109,0.5647,0.48700000000000004,0.5515,0.4433,0.525,0.6075,0.5251,0.1359,0.4268,0.4442,0.2193,0.09,0.12,0.0628,0.0234,0.0309,0.0127,0.0082,0.0281,0.0117,0.0092,0.0147,0.0157,0.0129,M
61,0.0712,0.0901,0.1276,0.1497,0.1284,0.1165,0.1285,0.1684,0.183,0.2127,0.2891,0.3985,0.4576,0.5821,0.5027,0.193,0.2579,0.3177,0.2745,0.6186,0.8958,0.7442,0.5188,0.2811,0.1773,0.6607,0.7576,0.5122,0.4701,0.5479,0.4347,0.1276,0.0846,0.0927,0.0313,0.0998,0.1781,0.1586,0.3001,0.2208,0.1455,0.2895,0.3203,0.1414,0.0629,0.0734,0.0805,0.0608,0.0565,0.0286,0.0154,0.0154,0.0156,0.0054,0.003,0.0048,0.0087,0.0101,0.0095,0.0068,M
62,0.0126,0.0519,0.0621,0.0518,0.1072,0.2587,0.2304,0.2067,0.3416,0.4284,0.3015,0.1207,0.3299,0.5707,0.6962,0.9751,1.0,0.9293,0.621,0.4586,0.5001,0.5032,0.7082,0.8420000000000001,0.8109,0.769,0.8105,0.6203,0.2356,0.2595,0.6299,0.6762,0.2903,0.4393,0.8529,0.718,0.4801,0.5856,0.4993,0.2866,0.0601,0.1167,0.2737,0.2812,0.2078,0.066,0.0491,0.0345,0.0172,0.0287,0.0027,0.0208,0.0048,0.0199,0.0126,0.0022,0.0037,0.0034,0.0114,0.0077,R
63,0.0353,0.0713,0.0326,0.0272,0.037000000000000005,0.0792,0.1083,0.0687,0.0298,0.08800000000000001,0.1078,0.0979,0.225,0.2819,0.2099,0.124,0.1699,0.0939,0.1091,0.141,0.1268,0.3151,0.14300000000000002,0.2264,0.5756,0.7876,0.7158,0.5998,0.5583,0.6295,0.7659,0.894,0.8436,0.6807,0.838,1.0,0.9497,0.7866,0.5647,0.348,0.2585,0.2304,0.2948,0.3363,0.3017,0.2193,0.1316,0.1078,0.0559,0.0035,0.0098,0.0163,0.0242,0.0043,0.0202,0.0108,0.0037,0.0096,0.0093,0.0053,R
64,0.0516,0.0944,0.0622,0.0415,0.0995,0.2431,0.1777,0.2018,0.2611,0.1294,0.2646,0.2778,0.4432,0.3672,0.2035,0.2764,0.3252,0.1536,0.2784,0.3508,0.5187,0.7052,0.7143,0.6814,0.51,0.5308,0.6131,0.8388,0.9031,0.8607,0.9656,0.9168,0.7132,0.6898,0.731,0.4134,0.158,0.1819,0.1381,0.29600000000000004,0.6935,0.8246,0.5351,0.4403,0.6448,0.6214,0.3016,0.1379,0.0364,0.0355,0.0456,0.0432,0.0274,0.0152,0.012,0.0129,0.002,0.0109,0.0074,0.0078,M
65,0.0152,0.0102,0.0113,0.0263,0.0097,0.0391,0.0857,0.0915,0.0949,0.1504,0.1911,0.2115,0.2249,0.2573,0.1701,0.2023,0.2538,0.3417,0.4026,0.4553,0.5525,0.5991,0.5854,0.7114,0.95,0.9858,1.0,0.9578,0.8642,0.7128,0.5893,0.4323,0.2897,0.1744,0.077,0.2297,0.2459,0.3101,0.3312,0.222,0.0871,0.2064,0.1808,0.1624,0.11199999999999999,0.0815,0.1117,0.095,0.0412,0.012,0.0048,0.0049,0.0041,0.0036,0.0013,0.0046,0.0037,0.0011,0.0034,0.0033,R
66,0.0968,0.0821,0.0629,0.0608,0.0617,0.1207,0.0944,0.4223,0.5744,0.5025,0.3488,0.17,0.2076,0.3087,0.4224,0.5312,0.2436,0.1884,0.1908,0.8321,1.0,0.4076,0.096,0.1928,0.2419,0.379,0.2893,0.3451,0.3777,0.5213,0.2316,0.3335,0.4781,0.6116,0.6705,0.7375,0.7356,0.7792,0.6788,0.5259,0.2762,0.1545,0.2019,0.2231,0.4221,0.3067,0.1329,0.1349,0.1057,0.0499,0.0206,0.0073,0.0081,0.0303,0.019,0.0212,0.0126,0.0201,0.021,0.0041,M
67,0.0179,0.0136,0.0408,0.0633,0.0596,0.0808,0.209,0.3465,0.5276,0.5965,0.6254,0.4507,0.3693,0.2864,0.1635,0.0422,0.1785,0.4394,0.695,0.8097,0.855,0.8717,0.8601,0.9201,0.8729,0.8084,0.8694,0.8411,0.5793,0.3754,0.3485,0.4639,0.6495,0.6901,0.5666,0.5188,0.506,0.3885,0.3762,0.3738,0.2605,0.1591,0.1875,0.2267,0.1577,0.1211,0.0883,0.085,0.0355,0.0219,0.0086,0.0123,0.006,0.0187,0.0111,0.0126,0.0081,0.0155,0.016,0.0085,M
68,0.053,0.0885,0.1997,0.2604,0.3225,0.2247,0.0617,0.2287,0.095,0.07400000000000001,0.161,0.2226,0.2703,0.3365,0.4266,0.4144,0.5655,0.6921,0.8547,0.9234,0.9171,1.0,0.9532,0.9101,0.8337,0.7053,0.6534,0.4483,0.24600000000000002,0.20199999999999999,0.1446,0.0994,0.151,0.2392,0.4434,0.5023,0.4441,0.4571,0.3927,0.29,0.3408,0.499,0.3632,0.1387,0.18,0.1299,0.0523,0.0817,0.0469,0.0114,0.0299,0.0244,0.0199,0.0257,0.0082,0.0151,0.0171,0.0146,0.0134,0.0056,M
69,0.0365,0.1632,0.1636,0.1421,0.113,0.1306,0.2112,0.2268,0.2992,0.3735,0.3042,0.0387,0.2679,0.5397,0.6204,0.7257,0.835,0.6888,0.445,0.3921,0.5605,0.7545,0.8311,1.0,0.8762,0.7092,0.7009,0.5014,0.3942,0.4456,0.4072,0.0773,0.1423,0.0401,0.3597,0.6847,0.7076,0.3597,0.0612,0.3027,0.3966,0.3868,0.23800000000000002,0.2059,0.2288,0.1704,0.1587,0.1792,0.1022,0.0151,0.0223,0.011000000000000001,0.0071,0.0205,0.0164,0.0063,0.0078,0.0094,0.011000000000000001,0.0068,R
70,0.026000000000000002,0.0192,0.0254,0.0061,0.0352,0.0701,0.1263,0.10800000000000001,0.1523,0.163,0.10300000000000001,0.2187,0.1542,0.263,0.294,0.2978,0.0699,0.1401,0.299,0.3915,0.3598,0.2403,0.4208,0.5675,0.6094,0.6323,0.6549,0.7673,1.0,0.8463,0.5509,0.4444,0.5169,0.4268,0.1802,0.0791,0.0535,0.1906,0.2561,0.2153,0.2769,0.2841,0.1733,0.0815,0.0335,0.0933,0.1018,0.0309,0.0208,0.0318,0.0132,0.0118,0.012,0.0051,0.006999999999999999,0.0015,0.0035,0.0008,0.0044,0.0077,R
71,0.0856,0.0454,0.0382,0.0203,0.0385,0.0534,0.214,0.311,0.2837,0.2751,0.2707,0.0946,0.102,0.4519,0.6737,0.6699,0.7066,0.5632,0.3785,0.2721,0.5297,0.7697,0.8643,0.9304,0.9372,0.6247,0.6024,0.6809999999999999,0.5047,0.5775,0.4754,0.24,0.2779,0.1997,0.5305,0.7409,0.7775,0.4424,0.1416,0.3508,0.4482,0.4208,0.3054,0.2235,0.2611,0.2798,0.2392,0.2021,0.1326,0.0358,0.0128,0.0172,0.0138,0.0079,0.0037,0.0051,0.0258,0.0102,0.0037,0.0037,R
72,0.0225,0.0019,0.0075,0.0097,0.0445,0.0906,0.0889,0.0655,0.1624,0.1452,0.1442,0.0948,0.0618,0.1641,0.0708,0.0844,0.259,0.2679,0.3094,0.4678,0.5958,0.7245,0.8773,0.9214,0.9282,0.9942,1.0,0.9071,0.8545,0.7293,0.6499,0.6071,0.5588,0.5967,0.6275,0.5459,0.4786,0.3965,0.2087,0.1651,0.1836,0.0652,0.0758,0.0486,0.0353,0.0297,0.0241,0.0379,0.0119,0.0073,0.0051,0.0034,0.0129,0.01,0.0044,0.0057,0.003,0.0035,0.0021,0.0027,R
73,0.0195,0.0213,0.0058,0.019,0.0319,0.0571,0.1004,0.0668,0.0691,0.0242,0.0728,0.0639,0.3002,0.3854,0.4767,0.4602,0.3175,0.41600000000000004,0.6428,1.0,0.8631,0.5212,0.3156,0.5952,0.7732,0.6042,0.4375,0.5487,0.47200000000000003,0.6235,0.3851,0.159,0.3891,0.5294,0.3504,0.44799999999999995,0.4041,0.5031,0.6475,0.5493,0.3548,0.2028,0.1882,0.0845,0.1315,0.159,0.0562,0.0617,0.0343,0.037000000000000005,0.0261,0.0157,0.0074,0.0271,0.0203,0.0089,0.0095,0.0095,0.0021,0.0053,R
74,0.0453,0.0523,0.0843,0.0689,0.1183,0.2583,0.2156,0.3481,0.3337,0.2872,0.4918,0.6552,0.6919,0.7797,0.7464,0.9444,1.0,0.8874,0.8024,0.7818,0.5212,0.4052,0.3957,0.3914,0.325,0.32,0.3271,0.2767,0.4423,0.2028,0.3788,0.2947,0.1984,0.2341,0.1306,0.4182,0.3835,0.1057,0.184,0.19699999999999998,0.1674,0.0583,0.1401,0.1628,0.0621,0.0203,0.053,0.0742,0.0409,0.0061,0.0125,0.0084,0.0089,0.0048,0.0094,0.0191,0.013999999999999999,0.0049,0.0052,0.0044,R
75,0.0087,0.0046,0.0081,0.023,0.0586,0.0682,0.0993,0.0717,0.0576,0.0818,0.1315,0.1862,0.2789,0.2579,0.22399999999999998,0.2568,0.2933,0.2991,0.3924,0.4691,0.5665,0.6464,0.6774,0.7577,0.8856,0.9419,1.0,0.8564,0.679,0.5587,0.4147,0.2946,0.2025,0.0688,0.1171,0.2157,0.2216,0.2776,0.2309,0.1444,0.1513,0.1745,0.1756,0.1424,0.0908,0.0138,0.0469,0.048,0.0159,0.0045,0.0015,0.0052,0.0038,0.0079,0.0114,0.005,0.003,0.0064,0.0058,0.003,R
76,0.0188,0.037000000000000005,0.0953,0.0824,0.0249,0.0488,0.1424,0.1972,0.1873,0.1806,0.2139,0.1523,0.1975,0.4844,0.7298,0.7807,0.7906,0.6122,0.42,0.2807,0.5148,0.7569,0.8596,1.0,0.8457,0.6797,0.6971,0.5843,0.4772,0.5201,0.4241,0.1592,0.1668,0.0588,0.3967,0.7147,0.7319,0.3509,0.0589,0.26899999999999996,0.42,0.3874,0.244,0.2,0.2307,0.1886,0.196,0.1701,0.1366,0.0398,0.0143,0.0093,0.0033,0.0113,0.003,0.0057,0.009000000000000001,0.0057,0.0068,0.0024,R
77,0.0201,0.0423,0.0554,0.0783,0.062,0.0871,0.1201,0.2707,0.1206,0.0279,0.2251,0.2615,0.177,0.3709,0.4533,0.5553,0.4616,0.3797,0.345,0.2665,0.2395,0.1127,0.2556,0.5169,0.3779,0.4082,0.5353,0.5116,0.4544,0.4258,0.3869,0.3939,0.4661,0.3974,0.2194,0.1816,0.1023,0.2108,0.3253,0.3697,0.2912,0.301,0.2563,0.1927,0.2062,0.1751,0.0841,0.1035,0.0641,0.0153,0.0081,0.0191,0.0182,0.016,0.028999999999999998,0.009000000000000001,0.0242,0.0224,0.019,0.0096,M
78,0.0093,0.0269,0.0217,0.0339,0.0305,0.1172,0.145,0.0638,0.07400000000000001,0.136,0.2132,0.3738,0.3738,0.2673,0.2333,0.5367,0.7312,0.7659,0.6271,0.4395,0.433,0.4326,0.5544,0.736,0.8589,0.8989,0.9420000000000001,0.9401,0.9379,0.8575,0.7284,0.67,0.7547,0.8773,0.9919,0.9922,0.9419,0.8388,0.6605,0.4816,0.2917,0.1769,0.1136,0.0701,0.1578,0.1938,0.1106,0.0693,0.0176,0.0205,0.0309,0.0212,0.0091,0.0056,0.0086,0.0092,0.006999999999999999,0.0116,0.006,0.011000000000000001,R
79,0.0095,0.0308,0.0539,0.0411,0.0613,0.1039,0.1016,0.1394,0.2592,0.3745,0.4229,0.4499,0.5404,0.4303,0.3333,0.3496,0.3426,0.2851,0.4062,0.6833,0.765,0.667,0.5703,0.5995,0.6484,0.8614,0.9819,0.938,0.8435,0.6074,0.5403,0.6890000000000001,0.5977,0.3244,0.0516,0.3157,0.359,0.3881,0.5716,0.4314,0.3051,0.4393,0.4302,0.4831,0.5084,0.1952,0.1539,0.2037,0.1054,0.0251,0.0357,0.0181,0.0019,0.0102,0.0133,0.004,0.0042,0.003,0.0031,0.0033,M
80,0.0293,0.0378,0.0257,0.0062,0.013000000000000001,0.0612,0.0895,0.1107,0.0973,0.0751,0.0528,0.1209,0.1763,0.2039,0.2727,0.2321,0.2676,0.2934,0.3295,0.491,0.5402,0.6257,0.6826,0.7527,0.8504,0.8938,0.9928,0.9134,0.708,0.6318,0.6126,0.4638,0.2797,0.1721,0.1665,0.2561,0.2735,0.3209,0.2724,0.188,0.1552,0.2522,0.2121,0.1801,0.1473,0.0681,0.1091,0.0919,0.0397,0.0093,0.0076,0.0065,0.0072,0.0108,0.0051,0.0102,0.0041,0.0055,0.005,0.0087,R
81,0.0253,0.0808,0.0507,0.0244,0.1724,0.3823,0.3729,0.3583,0.3429,0.2197,0.2653,0.3223,0.5582,0.6916,0.7943,0.7152,0.3512,0.2008,0.2676,0.4299,0.528,0.3489,0.14300000000000002,0.5453,0.6338,0.7712,0.6838,0.8015,0.8073,0.831,0.7792,0.5049,0.1413,0.2767,0.5084,0.4787,0.1356,0.2299,0.2789,0.3833,0.2933,0.1155,0.1705,0.1294,0.0909,0.08,0.0567,0.0198,0.0114,0.0151,0.0085,0.0178,0.0073,0.0079,0.0038,0.0116,0.0033,0.0039,0.0081,0.0053,R
82,0.0164,0.0173,0.0347,0.006999999999999999,0.0187,0.0671,0.1056,0.0697,0.0962,0.0251,0.0801,0.1056,0.1266,0.08900000000000001,0.0198,0.1133,0.2826,0.3234,0.3238,0.4333,0.6068,0.7652,0.9203,0.9719,0.9207,0.7545,0.8289,0.8907,0.7309,0.6896,0.5829,0.4935,0.3101,0.0306,0.0244,0.1108,0.1594,0.1371,0.0696,0.0452,0.062,0.1421,0.1597,0.1384,0.0372,0.0688,0.0867,0.0513,0.0092,0.0198,0.0118,0.009000000000000001,0.0223,0.0179,0.0084,0.0068,0.0032,0.0035,0.0056,0.004,R
83,0.01,0.0171,0.0623,0.0205,0.0205,0.0368,0.1098,0.1276,0.0598,0.1264,0.0881,0.1992,0.0184,0.2261,0.1729,0.2131,0.0693,0.2281,0.406,0.3973,0.2741,0.369,0.5556,0.4846,0.314,0.5334,0.5256,0.252,0.209,0.3559,0.626,0.7340000000000001,0.612,0.3497,0.3953,0.3012,0.5408,0.8814,0.9857,0.9167,0.6121,0.5006,0.321,0.3202,0.4295,0.3654,0.2655,0.1576,0.0681,0.0294,0.0241,0.0121,0.0036,0.015,0.0085,0.0073,0.005,0.0044,0.004,0.0117,R
84,0.0216,0.0215,0.0273,0.0139,0.0357,0.0785,0.0906,0.0908,0.1151,0.0973,0.1203,0.1102,0.1192,0.1762,0.239,0.2138,0.1929,0.1765,0.0746,0.1265,0.2005,0.1571,0.2605,0.5386,0.8440000000000001,1.0,0.8684,0.6742,0.5537,0.4638,0.3609,0.2055,0.162,0.2092,0.31,0.2344,0.1058,0.0383,0.0528,0.1291,0.2241,0.1915,0.1587,0.0942,0.084,0.067,0.0342,0.0469,0.0357,0.0136,0.0082,0.013999999999999999,0.0044,0.0052,0.0073,0.0021,0.0047,0.0024,0.0009,0.0017,R
85,0.0132,0.008,0.0188,0.0141,0.0436,0.0668,0.0609,0.0131,0.0899,0.0922,0.1445,0.1475,0.2087,0.2558,0.2603,0.1985,0.2394,0.3134,0.4077,0.4529,0.4893,0.5666,0.6234,0.6741,0.8282,0.8823,0.9196,0.8965,0.7549,0.6736,0.6463,0.5007,0.3663,0.2298,0.1362,0.2123,0.2395,0.2673,0.2865,0.20600000000000002,0.1659,0.2633,0.2552,0.1696,0.1467,0.1286,0.0926,0.0716,0.0325,0.0258,0.0136,0.0044,0.0028,0.0021,0.0022,0.0048,0.0138,0.013999999999999999,0.0028,0.0064,R
86,0.0195,0.0142,0.0181,0.0406,0.0391,0.0249,0.0892,0.0973,0.084,0.1191,0.1522,0.1322,0.1434,0.1244,0.0653,0.08900000000000001,0.1226,0.1846,0.38799999999999996,0.3658,0.2297,0.261,0.4193,0.5848,0.5643,0.5448,0.4772,0.6897,0.9797,1.0,0.9546,0.8835,0.7662,0.6547,0.5447,0.4593,0.4679,0.1987,0.0699,0.1493,0.1713,0.1654,0.26,0.3846,0.3754,0.2414,0.1077,0.0224,0.0155,0.0187,0.0125,0.0028,0.0067,0.012,0.0012,0.0022,0.0058,0.0042,0.0067,0.0012,R
87,0.0294,0.0123,0.0117,0.0113,0.0497,0.0998,0.1326,0.1117,0.2984,0.3473,0.4231,0.5044,0.5237,0.4398,0.3236,0.2956,0.3286,0.3231,0.4528,0.6339,0.7044,0.8314,0.8449,0.8512,0.9138,0.9985,1.0,0.7544,0.4661,0.3924,0.3849,0.4674,0.4245,0.3095,0.0752,0.2885,0.4072,0.317,0.2863,0.2634,0.0541,0.1874,0.3459,0.4646,0.4366,0.2581,0.1319,0.0505,0.0112,0.0059,0.0041,0.0056,0.0104,0.0079,0.0014,0.0054,0.0015,0.0006,0.0081,0.0043,M
88,0.0428,0.0555,0.0708,0.0618,0.1215,0.1524,0.1543,0.0391,0.061,0.0113,0.1255,0.2473,0.3011,0.3747,0.452,0.5392,0.6588,0.7113,0.7602,0.8672,0.8416,0.7974,0.8385,0.9317,0.8555,0.6162,0.4139,0.3269,0.3108,0.2554,0.3367,0.4465,0.5,0.5111,0.5194,0.4619,0.4234,0.4372,0.4277,0.4433,0.37,0.3324,0.2564,0.2527,0.2137,0.1789,0.10099999999999999,0.0528,0.0453,0.0118,0.0009,0.0142,0.0179,0.0079,0.006,0.0131,0.0089,0.0084,0.0113,0.0049,M
89,0.0089,0.0274,0.0248,0.0237,0.0224,0.0845,0.1488,0.1224,0.1569,0.2119,0.3003,0.3094,0.2743,0.2547,0.187,0.1452,0.1457,0.2429,0.3259,0.3679,0.3355,0.31,0.3914,0.528,0.6409,0.7707,0.8754,1.0,0.9806,0.6969,0.4973,0.502,0.5359,0.3842,0.1848,0.1149,0.157,0.1311,0.1583,0.2631,0.3103,0.4512,0.3785,0.1269,0.1459,0.1092,0.1485,0.1385,0.0716,0.0176,0.0199,0.0096,0.0103,0.0093,0.0025,0.0044,0.0021,0.0069,0.006,0.0018,M
90,0.0374,0.0586,0.0628,0.0534,0.0255,0.1422,0.2072,0.2734,0.307,0.2597,0.3483,0.3999,0.4574,0.595,0.7924,0.8272,0.8087,0.8977,0.9828,0.8982,0.889,0.9367,0.9122,0.7936,0.6718,0.6318,0.4865,0.3388,0.4832,0.3822,0.3075,0.1267,0.0743,0.151,0.1906,0.1817,0.1709,0.0946,0.2829,0.3006,0.1602,0.1483,0.2875,0.2047,0.1064,0.1395,0.1065,0.0527,0.0395,0.0183,0.0353,0.0118,0.0063,0.0237,0.0032,0.0087,0.0124,0.0113,0.0098,0.0126,M
91,0.0211,0.0319,0.0415,0.0286,0.0121,0.0438,0.1299,0.139,0.0695,0.0568,0.0869,0.1935,0.1478,0.1871,0.1994,0.3283,0.6861,0.5814,0.25,0.1734,0.3363,0.5588,0.6592,0.7012,0.8099,0.8901,0.8745,0.7887,0.8725,0.9376,0.892,0.7508,0.6832,0.7609999999999999,0.9017,1.0,0.9123,0.7388,0.5915,0.4057,0.3019,0.2331,0.2931,0.2298,0.2391,0.191,0.1096,0.03,0.0171,0.0383,0.0053,0.009000000000000001,0.0042,0.0153,0.0106,0.002,0.0105,0.0049,0.006999999999999999,0.008,R
92,0.0414,0.0436,0.0447,0.0844,0.0419,0.1215,0.2002,0.1516,0.0818,0.1975,0.2309,0.3025,0.3938,0.505,0.5872,0.6609999999999999,0.7417,0.8006,0.8456,0.7939,0.8804,0.8384,0.7852,0.8479,0.7434,0.6433,0.5514,0.3519,0.3168,0.3346,0.2056,0.1032,0.3168,0.40399999999999997,0.4282,0.4538,0.3704,0.3741,0.3839,0.3494,0.43799999999999994,0.4265,0.2854,0.2808,0.2395,0.0369,0.0805,0.0541,0.0177,0.0065,0.0222,0.0045,0.0136,0.0113,0.0053,0.0165,0.0141,0.0077,0.0246,0.0198,M
93,0.0454,0.0472,0.0697,0.1021,0.1397,0.1493,0.1487,0.0771,0.1171,0.1675,0.2799,0.3323,0.4012,0.4296,0.535,0.5411,0.687,0.8045,0.9194,0.9169,1.0,0.9972,0.9093,0.7918,0.6705,0.5324,0.3572,0.2484,0.3161,0.3775,0.3138,0.1713,0.2937,0.5234,0.5926,0.5437,0.4516,0.3379,0.3215,0.2178,0.1674,0.2634,0.298,0.2037,0.1155,0.0919,0.0882,0.0228,0.038,0.0142,0.0137,0.012,0.0042,0.0238,0.0129,0.0084,0.0218,0.0321,0.0154,0.0053,M
94,0.0163,0.0198,0.0202,0.0386,0.0752,0.1444,0.1487,0.1484,0.2442,0.2822,0.3691,0.375,0.3927,0.3308,0.1085,0.1139,0.3446,0.5441,0.647,0.7276,0.7894,0.8264,0.8697,0.7836,0.7140000000000001,0.5698,0.2908,0.4636,0.6409,0.7405,0.8069,0.8420000000000001,1.0,0.9536,0.6755,0.3905,0.1249,0.3629,0.6356,0.8116,0.7664,0.5417,0.2614,0.1723,0.2814,0.2764,0.1985,0.1502,0.1219,0.0493,0.0027,0.0077,0.0026,0.0031,0.0083,0.002,0.0084,0.0108,0.0083,0.0033,M
95,0.0139,0.0222,0.0089,0.0108,0.0215,0.0136,0.0659,0.0954,0.0786,0.1015,0.1261,0.0828,0.0493,0.0848,0.1514,0.1396,0.1066,0.1923,0.2991,0.3247,0.3797,0.5658,0.7483,0.8757,0.9048,0.7511,0.6858,0.7043,0.5864,0.3773,0.2206,0.2628,0.2672,0.2907,0.1982,0.2288,0.3186,0.2871,0.2921,0.2806,0.2682,0.2112,0.1513,0.1789,0.185,0.1717,0.0898,0.0656,0.0445,0.011000000000000001,0.0024,0.0062,0.0072,0.0113,0.0012,0.0022,0.0025,0.0059,0.0039,0.0048,R
96,0.0036,0.0078,0.0092,0.0387,0.053,0.1197,0.1243,0.1026,0.1239,0.0888,0.0937,0.1245,0.1599,0.1542,0.1846,0.1732,0.1477,0.1748,0.1455,0.1579,0.2257,0.1975,0.3368,0.5828,0.8505,1.0,0.8457,0.6624,0.5564,0.3925,0.3233,0.2054,0.192,0.2227,0.3147,0.2268,0.0795,0.0748,0.1166,0.1969,0.2619,0.2507,0.1983,0.0948,0.0931,0.0965,0.0381,0.0435,0.0336,0.0055,0.0079,0.0119,0.0055,0.0035,0.0036,0.0004,0.0018,0.0049,0.0024,0.0016,R
97,0.0265,0.044000000000000004,0.0137,0.0084,0.0305,0.0438,0.0341,0.078,0.0844,0.0779,0.0327,0.20600000000000002,0.1908,0.1065,0.1457,0.2232,0.207,0.1105,0.1078,0.1165,0.2224,0.0689,0.20600000000000002,0.2384,0.0904,0.2278,0.5872,0.8457,0.8467,0.7679,0.8055,0.626,0.6545,0.8747,0.9885,0.9348,0.696,0.5733,0.5872,0.6663,0.5651,0.5247,0.3684,0.1997,0.1512,0.0508,0.0931,0.0982,0.0524,0.0188,0.01,0.0038,0.0187,0.0156,0.0068,0.0097,0.0073,0.0081,0.0086,0.0095,R
98,0.0221,0.0065,0.0164,0.0487,0.0519,0.0849,0.0812,0.1833,0.2228,0.18100000000000002,0.2549,0.2984,0.2624,0.1893,0.0668,0.2666,0.4274,0.6291,0.7782,0.7686,0.8099,0.8493,0.9440000000000001,0.945,0.9655,0.8045,0.4969,0.396,0.3856,0.5574,0.7309,0.8549,0.9425,0.8726,0.6673,0.4694,0.1546,0.1748,0.3607,0.5208,0.5177,0.3702,0.22399999999999998,0.0816,0.0395,0.0785,0.1052,0.1034,0.0764,0.0216,0.0167,0.0089,0.0051,0.0015,0.0075,0.0058,0.0016,0.006999999999999999,0.0074,0.0038,M
99,0.0137,0.0297,0.0116,0.0082,0.0241,0.0253,0.0279,0.013000000000000001,0.0489,0.0874,0.11,0.1084,0.1094,0.1023,0.0601,0.0906,0.1313,0.2758,0.366,0.5269,0.581,0.6181,0.5875,0.4639,0.5424,0.7367,0.9089,1.0,0.8247,0.5441,0.3349,0.0877,0.16,0.4169,0.6576,0.7390000000000001,0.7963,0.7493,0.6795,0.4713,0.2355,0.1704,0.2728,0.4016,0.4125,0.34700000000000003,0.2739,0.179,0.0922,0.0276,0.0169,0.0081,0.004,0.0025,0.0036,0.0058,0.0067,0.0035,0.0043,0.0033,M
100,0.0119,0.0582,0.0623,0.06,0.1397,0.1883,0.1422,0.1447,0.0487,0.0864,0.2143,0.37200000000000005,0.2665,0.2113,0.1103,0.1136,0.1934,0.4142,0.3279,0.6222,0.7468,0.7676,0.7867,0.8253,1.0,0.9481,0.7539,0.6008,0.5437,0.5387,0.5619,0.5141,0.6084,0.5621,0.5956,0.6078,0.5025,0.2829,0.0477,0.2811,0.3422,0.5147,0.4372,0.247,0.1708,0.1343,0.0838,0.0755,0.0304,0.0074,0.0069,0.0025,0.0103,0.0074,0.0123,0.0069,0.0076,0.0073,0.003,0.0138,R
101,0.0707,0.1252,0.1447,0.1644,0.1693,0.0844,0.0715,0.0947,0.1583,0.1247,0.23399999999999999,0.1764,0.2284,0.3115,0.4725,0.5543,0.5386,0.3746,0.4583,0.5961,0.7464,0.7644,0.5711,0.6257,0.6695,0.7131,0.7567,0.8077,0.8477,0.9289,0.9513,0.7995,0.4362,0.4048,0.4952,0.1712,0.3652,0.3763,0.2841,0.0427,0.5331,0.6952,0.4288,0.3063,0.5835,0.5692,0.263,0.1196,0.0983,0.0374,0.0291,0.0156,0.0197,0.0135,0.0127,0.0138,0.0133,0.0131,0.0154,0.0218,M
102,0.0762,0.0666,0.0481,0.0394,0.059000000000000004,0.0649,0.1209,0.2467,0.3564,0.4459,0.4152,0.3952,0.4256,0.4135,0.4528,0.5326,0.7306,0.6193,0.2032,0.4636,0.4148,0.4292,0.573,0.5399,0.3161,0.2285,0.6995,1.0,0.7262,0.4724,0.5103,0.5459,0.2881,0.0981,0.1951,0.4181,0.4604,0.3217,0.2828,0.243,0.1979,0.2444,0.1847,0.0841,0.0692,0.0528,0.0357,0.0085,0.023,0.0046,0.0156,0.0031,0.0054,0.0105,0.011000000000000001,0.0015,0.0072,0.0048,0.0107,0.0094,R
