A1,A2,A3,A4,A5,A6,A7,A8,A9,A10,A11,A12,A13,A14,A15,A16,Class
0.294978,-0.296603,1.522448,-0.368878,-0.554135,-0.41284,1.464115,2.363767,-2.169503,-0.973269,-0.593479,-1.052761,1.942231,-0.362062,-0.897972,-0.327866,1
0.294978,-0.296603,2.585892,-0.43971,-0.486658,-0.743815,1.985328,2.943684,-2.298013,-0.98354,-0.608135,-1.105128,2.486506,-0.362062,-0.939449,-0.556739,1
0.294978,-0.296603,0.962242,-0.389254,-0.409206,-0.884451,1.522409,1.973563,-1.978684,-0.990652,-0.633893,-0.760373,0.804186,-0.362062,-0.847607,-0.562166,1
0.294978,-0.296603,0.343166,-0.389254,-0.528905,-1.070635,2.612841,3.150643,-3.162538,-0.992495,-0.637002,-1.144404,1.75636,-0.362062,-0.897972,-0.501197,1
0.294978,-0.296603,-0.836117,-0.371465,-0.51717,-0.817956,1.506978,1.531619,-1.164785,-0.997236,-0.574678,-1.14004,0.794357,-0.362062,-1.072768,-0.569827,1
0.294978,-0.296603,0.910969,-0.145062,-0.545921,-1.05052,2.431103,3.308018,-2.825685,-0.9975,-0.648401,-1.057125,1.585759,-0.362062,-0.815018,-0.537586,1
0.294978,-0.296603,1.114162,-0.31163,-0.190932,-0.78687,1.376675,1.197466,-0.919447,-0.897942,-0.563872,-1.078945,2.200591,-0.362062,-0.495054,-0.493695,1
0.21331,-0.296603,-0.274011,-0.291254,-0.441478,-0.911381,1.064633,1.501437,-1.234882,-0.991705,-0.637446,-0.939297,0.852804,-0.362062,0.029333,-0.316375,1
0.294978,-0.296603,1.230002,-0.425155,-0.551202,-1.038884,1.539554,1.637254,-3.043763,-0.990388,-0.648993,-0.987301,0.76294,-0.362062,-0.782429,-0.559612,1
0.294978,-0.296603,-0.853208,-0.41804,-0.466122,-0.800169,1.429825,1.801097,-1.139472,-1.005664,-0.632561,-1.170588,1.501862,-0.362062,-0.975001,-0.551632,1
0.294978,-0.296603,1.545237,-0.465261,-0.443825,-0.865001,2.021333,1.952004,-2.636814,-0.965367,-0.627972,-1.157496,2.103881,-0.362062,-0.764654,-0.536788,1
0.294978,-0.296603,1.427498,-0.450706,-0.484311,-1.076952,1.496691,2.385325,-2.167556,-0.984857,-0.64396,-0.987301,1.043941,-0.362062,-0.45654,-0.488269,1
0.131641,-0.296603,-0.824723,-0.379228,-0.507195,-1.069471,2.425959,2.0986,-2.475202,-1.006455,-0.634041,-1.196772,1.264038,-0.362062,-0.815018,-0.548918,1
0.21331,-0.123555,-0.756358,-0.265056,-0.322366,1.039063,-0.805906,-1.199811,0.986791,0.514045,0.433904,-0.677457,-0.296825,0.125754,0.417438,0.266021,2
0.21331,-0.296603,-1.386828,-0.299016,-0.381629,-0.727524,0.536561,-0.490545,0.028804,-0.986964,-0.497551,-1.157496,0.539333,-0.362062,-0.714289,-0.469116,2
0.131641,0.271731,-1.348848,0.248879,0.310746,-0.174292,0.104503,-0.770802,1.212658,-0.670907,-0.345072,0.086241,-0.375105,1.101386,-0.403212,0.156054,2
-0.031696,-0.296603,-1.483678,-0.31066,-0.415661,-0.484488,-0.174963,-0.829009,0.889435,-0.503923,-0.161505,-0.638181,0.253944,-0.362062,-0.213603,-0.18518,2
0.294978,-0.296603,0.242519,-0.296752,-0.515996,-0.637591,1.515551,0.899962,-1.657408,-0.985647,-0.562687,-0.747281,1.270883,-0.362062,-0.021032,-0.069467,2
0.294978,-0.296603,0.284297,0.053202,-0.264864,0.850551,-0.598449,-0.436649,0.437701,-0.093049,-0.391407,1.679099,-1.149305,-0.362062,2.023186,0.951202,2
0.294978,-0.296603,0.52547,-0.152178,-0.335861,-0.039973,-0.963641,-0.113275,0.710299,0.934664,-0.489705,0.064421,-0.351059,-0.362062,-0.503942,-0.151823,2
0.294978,-0.296603,1.045798,-0.35497,-0.482551,-0.842892,1.73158,2.033926,-2.077988,-0.971425,-0.608727,-0.699277,0.138104,-0.362062,-0.459502,-0.326749,2
0.294978,-0.296603,-0.687994,-0.270877,-0.172156,0.132912,0.702869,-0.318079,0.371499,-0.421485,-0.111616,-0.729825,0.311162,-0.362062,-0.465428,-0.164272,2
0.21331,-0.296603,-0.169566,-0.286079,0.01678,0.180954,-0.831623,-0.749244,0.751189,0.218268,-0.015687,0.260801,-0.287698,-0.362062,-0.90686,-0.330739,2
0.294978,-0.296603,1.818693,-0.060323,-0.1569,0.144548,0.716586,0.393343,-0.247688,-0.122811,-0.293702,0.880488,-0.148689,-0.362062,-0.40025,-0.413893,2
0.294978,-0.296603,0.453308,-0.288666,-0.07182,0.075062,-0.912206,0.080749,0.632414,0.144784,-0.163281,0.208433,-0.170453,-0.362062,-0.112874,-0.044569,2
0.376646,0.674923,7.025767,0.463639,1.304713,3.190818,-1.683738,-0.807451,0.583736,-0.114383,1.033901,1.116144,-0.228725,6.46736,0.571495,1.938195,2
0.21331,-0.296603,-0.311991,-0.205221,-0.328234,-0.582068,0.025635,-0.156392,-0.049081,-0.960099,-0.444997,-0.769101,-0.323679,-0.362062,0.278194,-0.369204,2
0.21331,-0.296603,-1.081088,-0.298369,-0.493699,-0.847048,1.138357,1.262141,-0.9175,-0.994339,-0.461725,-1.214228,1.532402,-0.362062,-0.118799,-0.347657,2
0.294978,-0.222816,-0.315789,0.102041,-0.355224,-0.21369,-0.91392,-0.734153,0.897223,-0.567925,0.166695,-0.14505,-0.229251,0.125754,2.002448,0.454833,2
0.21331,-0.296603,-0.555064,-0.26732,-0.547681,-1.035227,2.134491,2.667738,-2.342797,-1.008298,-0.631377,-1.122584,1.756184,-0.362062,-0.672812,-0.482842,2
0.294978,-0.296603,0.027931,-0.162851,-0.487832,-1.019434,-0.180107,0.451551,-0.02961,-0.746761,-0.642332,-0.022858,-0.241362,-0.362062,0.888497,-0.430971,2
0.21331,-0.296603,-0.422133,-0.095577,-0.276599,0.610507,-0.733896,-0.779425,0.698616,0.671546,0.471949,-0.258514,0.220596,-0.362062,-0.503942,-0.324834,2
0.21331,-0.296603,-0.156273,-0.412541,-0.30711,-0.639752,0.798882,1.020688,-0.699422,-0.971688,-0.534412,-0.550901,0.630075,-0.362062,-0.788355,-0.151025,2
0.21331,-0.296603,-0.517084,-0.27767,-0.436197,-0.843391,1.296092,0.971104,-0.726681,-0.975112,-0.620866,-0.908749,0.745038,-0.362062,0.62186,-0.135065,2
0.131641,0.421061,-1.329858,0.083282,-0.448519,-0.615481,0.443977,-0.443117,0.61489,-0.608486,-0.408876,-1.222956,1.200501,1.589202,0.423363,0.476699,2
0.21331,-0.296603,0.050719,-0.403808,-0.436197,-0.464373,0.774879,0.520537,-0.236005,-0.958256,-0.569793,0.736476,-0.354569,-0.362062,-0.782429,-0.324196,2
0.294978,-0.296603,0.365954,0.226886,-0.251955,-0.424975,-0.29155,-0.042133,0.110584,-0.921119,-0.564168,0.76266,-0.432849,-0.362062,0.500392,-0.232742,2
0.21331,-0.296603,-1.098179,-0.287696,-0.345836,-0.570431,0.754305,0.065658,-0.271053,-0.97959,-0.51265,-1.11822,0.569697,-0.362062,-0.367661,-0.153419,2
0.21331,-0.296603,-0.828521,0.027328,-0.45204,-0.854861,1.066347,1.223336,-1.098583,-0.993285,-0.480526,-1.035305,1.201379,-0.362062,2.040962,0.038585,2
0.294978,-0.130583,-1.162746,0.18678,0.280234,-0.018529,-0.577875,-1.449887,1.438525,0.147681,-0.18371,0.487729,-0.067425,0.125754,1.55509,0.10115,2
0.294978,0.038951,0.417227,-0.103016,-0.192106,-0.829593,0.641147,0.507602,-0.101653,-0.77942,-0.556322,-0.419982,0.398218,0.125754,1.635081,1.182628,2
0.294978,-0.296603,1.380023,-0.286079,-0.464361,-0.711399,1.599562,1.770915,-2.009839,-0.932971,-0.485263,-0.563993,0.843853,-0.362062,0.017482,-0.079363,2
0.294978,-0.296603,0.825513,-0.390871,-0.23846,-0.54666,-0.1321,0.169138,-0.052975,-0.919275,-0.502436,1.404167,-0.820389,-0.362062,-0.939449,-0.448846,2
0.294978,-0.296603,0.388742,-0.308396,-0.410966,-0.866497,0.677152,1.009909,-0.781201,-0.756506,-0.595848,-0.223602,0.359429,-0.362062,-0.966113,-0.489067,2
0.294978,-0.296603,0.804624,-0.427419,-0.400405,-0.808315,0.663436,0.761989,-0.919447,-0.950091,-0.581636,-0.742917,-0.471112,-0.362062,-0.506904,-0.20146,2
0.294978,-0.296603,-0.072716,-0.311307,-0.441478,-0.807151,0.359966,0.772768,-0.518339,-0.971161,-0.533376,-0.873837,0.18444,-0.362062,-0.740953,-0.535831,2
0.131641,-0.296603,1.222406,0.211038,-0.514823,-0.921688,1.882457,2.363767,-2.827632,-0.975376,-0.630193,-1.052761,1.566452,-0.362062,3.762253,1.23019,2
-0.031696,1.499753,-0.615832,1.198802,0.130611,1.392147,-1.229391,-1.331316,1.345063,0.540909,2.15514,-0.878201,1.033059,3.052649,-0.083248,0.388757,2
-0.276701,1.928419,-1.234908,1.412592,2.643108,2.039137,-2.554713,-2.21736,1.812373,2.399063,3.608279,0.688472,-0.847242,1.589202,2.636452,0.168662,2
0.21331,-0.296603,-1.327959,-0.204574,-0.329994,-0.564779,-0.463002,-0.949735,0.965373,0.185345,-0.491185,1.674735,-2.011615,-0.362062,-0.740953,-0.540938,2
0.294978,-0.296603,1.040101,-0.473347,-0.514236,-0.916202,1.795017,2.312027,-2.262965,-0.987754,-0.621458,-0.245422,-0.149742,-0.362062,-1.099431,-0.589777,2
0.294978,-0.296603,0.711573,-0.399604,-0.415661,-0.296808,0.229663,0.940923,-0.604012,-0.951145,-0.503176,0.845576,-0.441625,-0.362062,-0.536531,-0.169539,2
0.21331,-0.296603,-1.157049,-0.1939,0.064894,-0.122592,-0.56073,-0.904463,0.889435,-0.951408,-0.208285,0.012054,-0.361063,-0.362062,-0.133612,-0.138097,2
0.294978,-0.296603,0.529268,-0.101722,-0.273665,0.593551,0.660007,0.591679,-0.165909,0.129508,-0.466611,0.313169,-0.151498,-0.362062,-0.657999,0.04465,2
0.21331,0.399101,-1.100078,-0.252442,-0.121695,1.606425,-1.495141,-1.482224,1.197081,2.446735,2.390816,-0.441802,-0.085679,1.589202,-0.426913,0.542456,2
0.21331,-0.296603,-1.100078,-0.226244,0.002698,1.201641,-0.862485,-1.359342,1.428789,1.649217,-0.288225,-0.005402,-1.528244,-0.362062,-0.586896,-0.399848,2
0.049973,-0.296603,-1.451394,-0.053854,-0.082969,0.171645,-1.53629,-1.7323,1.547564,1.282854,-0.045443,1.548179,-2.282085,-0.362062,0.298932,-0.092131,2
0.21331,-0.296603,-0.211344,-0.184197,0.107727,-0.256911,-0.519581,-0.440961,0.575947,-0.304281,-0.154103,0.723384,-0.302617,-0.362062,-0.498016,-0.425065,2
0.294978,-0.031322,-0.072716,-0.014395,0.270846,0.184112,-0.385849,-0.878593,0.455225,0.693144,-0.316944,1.159783,-1.138599,0.125754,0.260418,0.42371,2
0.294978,-0.296603,0.02983,-0.451677,-0.420355,-0.588052,0.857176,0.731808,-0.53781,-0.74518,-0.571866,-0.459258,0.228845,-0.362062,-0.791317,-0.417883,2
0.294978,-0.205248,0.4685,-0.330066,-0.365199,0.782561,-0.051518,0.925832,-0.32752,-0.950091,-0.442332,0.138609,-0.161502,0.125754,-0.518755,0.157969,2
0.21331,-0.296603,0.160861,-0.308719,-0.397471,-0.629944,0.269097,0.1368,-0.160067,-0.922699,-0.46439,0.225889,-0.095157,-0.362062,-0.655036,-0.417724,2
0.21331,1.059668,2.251667,0.590425,1.009574,2.210858,-2.189521,-1.590015,1.506674,2.008206,2.863945,0.042601,0.522132,5.979545,0.038221,0.898054,2
0.294978,-0.296603,0.233024,-0.424185,-0.525971,-0.903734,0.972049,1.326815,-1.246564,-0.98354,-0.596292,0.832484,-0.820389,-0.362062,-0.56912,-0.312704,2
0.21331,-0.296603,-1.105775,-0.240798,-0.197973,0.59405,-1.340835,-1.609418,1.533934,1.844382,1.252849,0.086241,-0.43829,-0.362062,-0.326184,0.087903,2
-4.605128,-0.091054,-0.858905,-0.1373,0.078976,-0.2225,0.390827,-1.020878,1.074412,0.041802,-0.019684,-1.026577,0.282027,0.125754,-0.07436,0.286291,2
0.294978,-0.296603,-0.606337,-0.374376,-0.352291,-0.469526,-0.378991,-0.641452,0.908906,0.290171,-0.33767,-0.642545,0.774349,-0.362062,-0.936487,-0.465286,2
0.294978,-0.296603,1.467377,-0.340092,-0.39043,-0.43096,-0.876201,0.453706,-1.049905,0.76689,-0.568905,0.060057,-0.185723,-0.362062,-1.108319,-0.569827,3
0.294978,-0.296603,0.588138,-0.068408,-0.354638,-0.672833,-0.59502,-0.175794,0.328662,-0.188129,-0.527454,1.177239,-1.588621,-0.362062,0.491504,-0.164113,3
-3.135096,-0.296603,0.339368,0.156054,0.114768,0.638767,-0.48872,-0.031354,0.461067,0.464792,0.175281,0.068785,0.426652,-0.362062,2.328338,0.533996,3
0.294978,-0.296603,0.760947,-0.32392,-0.464361,-0.848544,2.146493,2.508207,-2.366163,-0.990652,-0.62812,-1.070217,1.607874,-0.362062,0.272269,-0.228752,3
0.294978,-0.19822,-0.349971,0.259229,-0.319432,0.63112,-0.253831,-0.324546,0.503903,-0.373813,-0.257137,0.561917,-0.807751,0.125754,4.040741,1.23434,3
0.21331,-0.296603,-0.915875,-0.326508,-0.332341,-0.220339,-0.102954,-0.805295,0.591524,0.559346,-0.240261,-0.467986,-0.505864,-0.362062,-0.418025,-0.307437,3
-0.358369,1.53489,-1.134261,0.992775,0.432204,2.024175,-2.052359,-1.777572,1.734488,1.028955,2.497551,-0.747281,0.120201,2.077018,-0.364698,1.54078,3
0.294978,-0.296603,0.844503,-0.328772,-0.288334,0.068412,-0.312125,-0.009796,0.106689,-0.008504,-0.44707,0.465909,-0.681029,-0.362062,-0.338034,-0.117987,3
-0.358369,0.214634,-0.2949,-0.168349,0.024995,1.183521,-1.135093,-1.197655,1.035469,0.731334,1.126277,0.570645,-0.167645,0.125754,0.168576,0.888158,3
-1.256722,5.482481,0.954646,2.263867,6.680001,3.25299,-2.180948,-2.144062,1.637132,2.47676,4.240697,0.95904,-0.190462,7.442992,-0.281744,1.05702,3
0.294978,-0.296603,1.042,-0.308396,-0.330581,-0.347177,0.985765,0.593835,-1.053799,-0.931128,-0.532488,1.11178,-0.429866,-0.362062,-0.183977,-0.079841,3
0.294978,-0.296603,1.839582,-0.308396,-0.266624,-0.180443,1.124641,0.796482,-1.164785,-0.678808,-0.505101,0.212797,0.355568,-0.362062,-0.189902,-0.148152,3
-4.686796,6.749154,0.138073,5.371089,7.352426,4.190227,-2.414123,-2.402761,1.711123,3.182358,4.431518,-0.712369,1.671586,1.589202,2.248347,2.891192,3
0.294978,-0.296603,0.814119,-0.020864,0.019714,0.252269,-1.301401,-1.11789,1.101672,1.931825,-0.433302,2.290057,-2.069359,-0.362062,0.488541,-0.05207,3
0.294978,-0.296603,0.667896,1.451727,6.378995,1.543422,-2.441555,-2.109569,1.755907,2.082742,0.930571,1.356163,-1.197397,-0.362062,-0.29952,-0.451241,3
0.294978,-0.184166,0.189346,4.030782,-0.0683,0.380935,-0.850483,-0.604803,0.727823,-0.336413,-0.376012,1.268883,-0.807751,0.125754,1.11662,0.409186,3
0.294978,-0.296603,0.569148,0.548702,1.693147,0.9089,-2.052359,-1.740923,1.584559,2.355078,0.851814,2.228962,-1.586866,-0.362062,1.069218,-0.203694,3
0.294978,-0.296603,1.875664,0.025064,0.577134,0.751974,-2.072934,-1.074773,0.805708,-0.022726,0.101707,2.202778,-1.18669,-0.362062,0.610009,0.005547,3
0.294978,-0.058553,1.195819,0.183869,0.452154,0.669022,-0.545299,-1.033812,0.686933,1.22175,0.027392,-0.546537,0.542492,1.101386,1.303266,1.494016,3
0.21331,-0.296603,-0.425931,-0.05353,-0.121695,0.081545,-1.153953,-1.208434,1.27886,0.873823,-0.189336,1.919118,-1.317976,-0.362062,0.695926,0.260914,3
0.294978,-0.296603,0.4685,-0.47464,-0.465535,-0.967236,1.995615,2.805711,-2.494673,-0.980116,-0.631821,-1.009121,1.20524,-0.362062,-0.933524,-0.549238,1
0.294978,-0.296603,1.406609,-0.402191,-0.507782,-1.020432,1.650997,2.467246,-2.525827,-0.991705,-0.623383,-0.930569,1.381985,-0.362062,-0.462465,-0.542375,1
0.21331,-0.296603,-0.473407,-0.378257,-0.476097,-0.879131,1.541268,1.872239,-1.32445,-0.980907,-0.608727,-1.192408,2.62411,-0.362062,-0.483203,-0.529127,1
0.21331,-0.296603,-0.84941,-0.414158,-0.568218,-1.089087,2.54769,2.866074,-1.797602,-1.007245,-0.646033,-1.201136,1.847102,-0.362062,-1.040179,-0.583074,1
0.294978,-0.296603,1.600308,-0.467201,-0.476683,-0.933989,1.609849,2.480181,-2.077988,-0.971425,-0.617313,-1.18368,2.844909,-0.362062,-0.729102,-0.458902,1
0.21331,-0.296603,0.138073,-0.482403,-0.579366,-0.988514,2.612841,2.952307,-2.222075,-1.002504,-0.63715,-1.166224,2.164259,-0.362062,-0.687625,-0.417085,1
0.21331,-0.149029,0.198841,4.586764,1.427346,2.468025,-0.607022,-1.227837,1.263283,1.445623,1.696074,-0.328338,0.30853,0.125754,-0.065472,0.228833,2
0.21331,-0.296603,0.466601,-0.324567,-0.30711,-0.741654,-0.744183,-0.022731,0.4046,-0.28084,-0.598808,1.849294,-0.922188,-0.362062,-0.663924,-0.490822,2
0.294978,-0.296603,-0.765853,-0.379228,-0.454387,-0.764429,1.165789,0.182073,-0.65269,-0.946667,-0.611984,0.767024,-0.721047,-0.362062,-0.166201,-0.074734,2
0.21331,-0.296603,-0.917774,0.145381,-0.506608,-0.380424,1.0372,0.498979,-0.689686,-0.347475,-0.182526,-1.153132,1.278255,-0.362062,-0.231379,-0.226199,2
0.294978,-0.296603,1.237598,-0.332006,-0.24198,-0.36779,-0.528154,0.393343,-0.150332,-0.456778,-0.374679,-0.507262,0.131259,-0.362062,-0.732065,-0.333612,2
0.294978,-0.296603,0.305186,-0.325538,-0.421528,-0.954935,0.822886,1.846369,-1.10053,-0.982487,-0.613908,-0.40689,-0.144301,-0.362062,-0.195828,-0.389474,2
0.294978,-0.296603,-0.243627,-0.013101,-0.194453,0.152195,-1.188243,-1.135136,0.945901,1.0761,0.736049,0.745204,-0.517273,-0.362062,0.002669,-0.198108,2
0.294978,-0.296603,0.662199,-0.369201,-0.416247,-0.288828,0.644576,0.583056,-1.014856,-0.949564,-0.524493,-0.293426,0.253944,-0.362062,-0.983889,-0.396656,2
-7.381854,-0.296603,-0.1031,-0.330713,-0.060672,0.631785,-1.738603,-1.613729,1.609872,1.179872,2.439076,-0.982937,0.728715,-0.362062,-1.209049,-0.635903,2
0.294978,-0.229843,1.455983,-0.254382,-0.507195,-0.865666,0.152509,0.539939,-0.837668,-0.018249,-0.61228,-0.546537,1.05886,0.125754,0.63371,0.362103,2
0.294978,-0.296603,1.021111,-0.455881,-0.451453,-0.842227,1.064633,1.49497,-1.340027,-0.976956,-0.615093,0.518277,-0.27664,-0.362062,-0.877234,-0.468637,2
0.131641,0.278758,-1.489375,0.163493,-0.24198,0.632949,-0.732181,-1.697806,1.384005,1.799608,-0.024126,-1.16186,-0.669796,1.101386,-0.062509,0.00826,2
0.131641,-0.296603,-1.02032,-0.199075,-0.362266,-0.676989,0.946331,0.85469,-0.352833,-0.994602,-0.617757,0.020782,0.09247,-0.362062,-0.115837,-0.170497,2
0.21331,-0.296603,-0.551266,0.003717,0.382917,-0.078872,-1.140236,-1.204123,1.074412,0.594376,-0.356915,1.77947,-2.502533,-0.362062,-0.530605,-0.425065,2
0.294978,-0.296603,-1.373535,-0.234653,-0.354051,-0.201388,-0.298409,-1.059682,1.372322,1.255462,-0.202067,-1.11822,-1.145444,-0.362062,0.192278,-0.192203,2
0.294978,-0.296603,1.949725,-0.270554,-0.040136,0.314607,-1.205388,-0.331014,0.618784,-0.488911,0.022358,0.557553,0.094927,-0.362062,-0.01807,-0.286529,2
0.294978,-0.296603,0.369752,-0.392488,-0.382215,-0.741654,0.478268,0.490355,-0.954495,-0.96484,-0.57986,-0.437438,0.260965,-0.362062,-1.031291,-0.567113,2
0.131641,-0.296603,-1.079189,-0.178376,-0.28364,-0.664022,-0.056662,-0.542285,0.95369,0.212473,-0.617609,2.010762,-2.943429,-0.362062,-0.275819,-0.339358,2
0.21331,-0.296603,-1.132362,-0.336211,-0.49546,-0.458887,0.661721,0.037632,-0.473555,-0.793116,-0.480526,-0.664365,-0.407049,-0.362062,-0.607634,-0.390112,2
0.21331,-0.296603,-0.004352,-0.455558,-0.39219,-0.121096,-0.34813,-0.223222,0.058011,-0.228427,-0.231082,0.321897,-0.074973,-0.362062,-1.037216,-0.411818,2
0.294978,-0.296603,0.483692,-0.200693,0.096579,-0.315758,-0.535012,-0.581089,0.278037,0.253824,-0.336189,1.212151,-0.620651,-0.362062,0.313746,-0.238169,2
0.131641,-0.296603,-1.643194,-0.264409,-0.237286,-0.0039,-0.29498,-1.281732,1.380111,0.626245,-0.041446,-0.961117,-0.122537,-0.362062,-0.106949,0.070506,2
0.294978,-0.296603,0.41153,-0.307102,-0.291855,0.081877,-0.354988,0.089372,0.151473,-0.317713,-0.327455,0.094969,-0.14711,-0.362062,-0.498016,-0.158686,2
0.21331,-0.296603,-0.112595,0.517976,-0.142231,0.057773,-0.751041,-0.923865,1.033522,0.56356,-0.216575,1.299431,-1.357292,-0.362062,2.805322,0.01624,2
0.21331,-0.296603,-0.729772,0.122094,-0.239633,-0.093169,-0.50758,-0.731997,0.817391,-0.415427,-0.046627,-0.27597,-0.228198,-0.362062,1.078106,0.289323,2
0.294978,-0.296603,0.992626,-0.338475,-0.339969,-0.185596,0.551992,0.968948,-0.781201,-0.973269,-0.430193,-0.668729,0.634638,-0.362062,-1.060917,-0.515721,2
-2.073406,-0.296603,0.299489,-0.25794,-0.10996,-0.471854,-0.072092,0.317889,0.252724,-0.234485,-0.496958,0.561917,-0.338597,-0.362062,-0.015107,1.676763,2
0.21331,-0.296603,-0.114494,-0.191636,0.153495,-0.150188,-1.169383,-1.480068,1.555352,2.03033,-0.294739,2.473345,-1.902619,-0.362062,0.141913,-0.273761,3
-0.766712,4.566296,0.876787,1.079132,1.619802,2.655372,-2.110653,-1.837935,1.623502,2.191255,5.148909,0.679744,-0.202924,3.052649,2.651265,0.23809,3
0.294978,-0.101595,0.835008,-0.025068,0.514351,1.947042,-1.819185,-1.359342,1.362587,2.82574,1.066617,1.517631,-0.652595,1.101386,-0.266931,0.520271,3
0.294978,-0.296603,0.620421,-0.429683,-0.462014,-0.969065,1.066347,0.986195,-1.462696,-0.955885,-0.625603,0.422269,-0.114288,-0.362062,-0.729102,-0.385643,3
0.21331,-0.296603,-1.088684,-0.27767,-0.084142,0.079384,-1.39227,-1.109266,1.37427,1.164332,0.370839,0.579373,-1.198801,-0.362062,-0.127687,-0.124371,3
0.21331,-0.147272,-1.101977,-0.233036,-0.436197,-0.548821,0.702869,-0.096029,-0.056869,-0.934815,-0.390223,-1.070217,0.825424,0.125754,-0.261006,-0.093089,3
0.294978,0.453563,-1.527355,1.340466,0.077803,0.414016,-0.956783,-1.572769,1.417106,0.56198,0.92983,-1.078945,-0.160449,0.125754,3.412662,0.636303,3
-0.031696,-0.296603,-1.092482,-0.301927,-0.107613,0.054947,-0.07895,-1.025189,0.698616,0.41317,-0.122867,-0.36325,0.341878,-0.362062,-0.628372,-0.334251,3
-0.521706,1.187038,0.193144,8.36058,0.418709,1.389155,-2.023213,-1.268797,1.48915,1.864663,1.990818,-0.315246,-0.317185,2.077018,-0.631335,0.153819,3
0.21331,-0.033957,-1.284282,1.575278,0.549556,0.500958,-2.218668,-2.075076,1.802638,1.64948,-0.092075,2.713365,-2.581866,0.125754,0.355223,-0.254927,3
0.294978,-0.296603,1.402811,-0.351412,-0.533599,-0.873812,1.867027,2.156808,-2.508303,-0.97959,-0.639815,-0.939297,0.894051,-0.362062,-0.115837,-0.291796,1
0.294978,-0.296603,1.178728,-0.433564,-0.406272,-0.808315,0.603427,1.660968,-1.758659,-0.967738,-0.629156,1.059412,-0.389848,-0.362062,-0.663924,-0.455869,1
0.294978,-0.296603,0.04882,-0.381168,-0.476097,-0.743982,1.345813,2.421974,-1.552264,-0.990915,-0.602509,-0.965481,0.869127,-0.362062,-0.749841,-0.177679,1
0.294978,-0.296603,1.144546,-0.397016,-0.449106,-0.556966,1.078349,1.104765,-2.124719,-0.965894,-0.608727,-0.913113,0.890365,-0.362062,-0.740953,-0.293232,1
0.21331,-0.296603,-0.365163,-0.497281,-0.536533,-0.926176,1.899602,2.805711,-1.813179,-1.00224,-0.609467,-1.087673,1.5998,-0.362062,-0.969076,-0.565038,1
0.294978,-0.296603,0.548259,-0.320686,-0.34525,-0.803161,0.157653,0.770613,-0.360621,-0.956939,-0.597476,-0.376342,0.183913,-0.362062,-0.035845,-0.372715,1
0.294978,-0.296603,1.000222,-0.445855,-0.528318,-0.908887,2.415672,2.887632,-2.94446,-0.989071,-0.619978,-1.096401,1.893964,-0.362062,-0.832794,-0.485236,1
0.294978,-0.296603,1.345841,-0.27864,-0.463188,-0.917365,1.020055,1.413048,-2.525827,-0.973795,-0.635966,-0.690549,0.87685,-0.362062,-0.080285,-0.454752,1
0.294978,-0.296603,-0.648115,-0.072936,-0.408619,-0.58373,1.038915,0.990507,-0.00235,-0.976956,-0.578231,-1.013485,1.277553,-0.362062,-0.432839,-0.367927,1
0.294978,-0.296603,1.399013,-0.460409,-0.406272,-0.936649,1.748725,1.738578,-2.482991,-0.89083,-0.615093,-1.157496,2.08633,-0.362062,-0.690588,-0.456348,1
0.21331,-0.296603,-0.689893,-0.410601,-0.577606,-1.068307,2.599125,3.135552,-3.008715,-1.007245,-0.631673,-1.188044,2.277642,-0.362062,-0.376548,-0.449006,1
0.21331,-0.296603,-0.777247,-0.338475,-0.548855,-0.930997,2.240791,1.742889,-2.543352,-1.000133,-0.632265,-1.131312,1.566276,-0.362062,0.017482,-0.264504,1
0.294978,-0.296603,0.853998,-0.350119,-0.515409,-1.002977,2.033335,2.891944,-2.387581,-0.995129,-0.640555,-0.913113,0.676586,-0.362062,-0.575045,-0.519711,1
0.294978,-0.296603,1.725642,-0.379874,-0.465535,-1.010457,2.628272,2.702231,-2.835421,-0.960099,-0.640999,-1.174952,3.166454,-0.362062,-0.96315,-0.569667,1
0.294978,-0.296603,0.998323,-0.282198,-0.518343,-1.074126,1.227512,2.324962,-1.67688,-0.987228,-0.643812,-0.51599,0.696595,-0.362062,-0.409137,-0.436717,1
0.294978,-0.296603,1.380023,-0.414158,-0.523037,-1.020432,2.158494,3.198071,-2.782848,-0.953778,-0.626936,-1.126948,2.228498,-0.362062,-0.160276,-0.176881,1
0.294978,-0.296603,1.448387,-0.382462,-0.329994,-1.103217,1.83788,1.816187,-1.532792,-0.973795,-0.638187,-1.174952,1.915553,-0.362062,-0.740953,-0.469755,1
0.294978,-0.296603,-0.834218,-0.387313,-0.521277,-0.7626,1.803589,1.68037,-1.797602,-0.97959,-0.576603,-1.144404,1.435692,-0.362062,-0.545419,-0.480767,1
0.294978,-0.296603,1.820592,-0.426449,-0.365199,-0.677654,1.614993,0.835287,-1.926112,-0.923489,-0.611096,-0.974209,1.93486,-0.362062,-0.776504,-0.316375,1
0.294978,-0.296603,-0.04613,-0.30225,-0.442651,-0.686298,-0.051518,1.065961,0.503903,-0.962733,-0.37616,-0.969845,0.836306,-0.362062,-0.261006,-0.372396,1
0.294978,-0.296603,-0.2949,-0.338475,-0.533012,-0.930498,1.618422,2.402572,-1.427647,-1.00224,-0.607987,-1.148768,1.661055,-0.362062,-0.258043,-0.448368,1
0.21331,-0.296603,1.212911,1.511562,-0.318846,-0.346013,0.032493,0.401967,0.05217,0.222218,-0.409764,1.185967,-0.442152,-0.362062,0.669262,-0.289402,2
0.131641,0.160172,-1.191231,0.046734,0.780152,0.274711,-1.105946,-1.600794,1.465785,0.824044,0.231092,-0.302154,0.134593,0.125754,-0.409137,-0.275676,2
0.21331,-0.296603,-0.465811,0.356259,1.950734,0.770426,-2.59929,-1.984531,1.829897,2.076948,1.83523,1.168511,-2.582392,-0.362062,-0.023995,-0.226518,2
0.21331,-0.296603,-0.919673,-0.323274,-0.306524,-0.455729,-0.607022,-1.163162,1.327538,1.487501,-0.312059,1.980214,-1.6662,-0.362062,-0.58097,-0.506304,2
-0.113364,-0.296603,-1.031714,-0.260528,-0.212056,-0.195404,0.317103,-0.852723,0.862175,0.944409,-0.506581,0.972132,-1.65795,-0.362062,-0.583933,-0.343348,2
0.294978,-0.296603,1.150243,-0.371465,-0.346423,-0.88977,-1.272254,0.475265,0.772607,-0.482853,-0.519312,1.478355,-1.086646,-0.362062,-0.349885,-0.27408,2
0.21331,1.101832,-1.233009,0.493071,-0.043069,-0.141045,-0.394421,-1.255862,1.481362,-0.238699,-0.253288,-1.11822,-1.011174,0.61357,1.635081,-0.122456,2
-3.543438,-0.296603,0.764745,-0.112719,-0.065366,-0.0295,-0.48872,-0.417247,0.379287,0.119763,-0.183266,0.95904,-0.279624,-0.362062,-0.240267,0.090935,2
0.294978,-0.296603,0.702078,-0.268937,-0.220857,-0.556468,0.04278,-0.712595,0.394864,0.943882,-0.433746,0.352445,-2.278048,-0.362062,-0.815018,-0.425385,2
0.131641,-0.296603,-1.445697,-0.188079,-0.087076,-0.378928,0.421689,-0.781581,0.979003,-0.688817,-0.440704,-1.061489,0.339245,-0.362062,-0.530605,-0.433684,2
0.294978,-0.296603,0.339368,-0.010514,0.973195,4.876448,-0.763043,-1.848714,0.955637,2.709326,1.892965,1.199059,-0.602924,-0.362062,0.106361,-0.153579,2
0.294978,-0.296603,1.026808,0.004687,-0.392777,-0.262064,0.485126,0.964637,-0.898029,-0.925333,-0.442925,-0.572721,0.75592,-0.362062,1.646932,0.450683,2
0.131641,-0.296603,-1.270989,-0.323597,-0.330581,-0.351,-0.778473,-1.232148,1.261336,0.779796,-0.407988,1.775106,-1.976336,-0.362062,-0.172127,-0.195555,2
0.21331,-0.296603,-0.767752,-0.464614,-0.427396,-0.077543,0.11479,-0.716906,0.342292,0.777689,-0.085413,-0.179962,0.131259,-0.362062,-0.506904,-0.119104,2
0.294978,-0.296603,1.231901,-0.396693,-0.451453,-0.142707,0.594855,0.589523,-1.213463,0.558029,-0.457876,-0.489806,0.584967,-0.362062,-0.000294,-0.143683,2
0.294978,-0.296603,-0.756358,-0.291254,-0.214989,0.433134,-0.955069,-1.2882,1.341168,1.255199,0.467804,0.326261,-0.321748,-0.362062,-0.326184,-0.18917,2
0.21331,-0.296603,-1.138059,0.101071,-0.491939,-0.6597,0.702869,0.703782,-0.39567,-0.974322,-0.465426,-1.144404,1.202081,-0.362062,-0.098061,-0.405913,2
0.21331,-0.296603,-1.094381,-0.373082,-0.43385,-0.738163,1.311523,0.908585,-0.960337,-0.993022,-0.592147,-1.113856,0.974612,-0.362062,-0.649111,-0.431609,2
0.131641,-0.296603,-1.878671,-0.220422,-0.048937,-0.31526,-0.099525,-1.070461,1.012104,-0.855801,-0.459209,-1.135676,-0.289629,-0.362062,0.19524,-0.289721,2
0.294978,-0.132339,0.007042,1.284836,5.451917,0.692295,-2.540997,-2.230295,1.785114,2.344543,2.034193,1.020136,-1.591079,0.125754,0.823319,-0.19316,2
0.131641,-0.296603,-1.618507,-0.263439,-0.114067,-0.629113,-0.180107,-1.365809,0.846598,0.04944,-0.415982,-1.18368,-0.077781,-0.362062,-0.13065,-0.276953,2
0.294978,-0.296603,1.744632,-0.348825,-0.163941,1.074803,-1.052796,-0.497012,0.437701,-0.243966,-0.153807,0.666652,0.01103,-0.362062,-0.284707,0.691845,2
0.294978,-0.296603,-0.194253,-0.279287,-0.345836,1.866085,0.234806,0.421369,-0.364516,-0.945877,-0.447514,-0.467986,0.088608,-0.362062,-0.385436,0.362262,2
0.21331,-0.296603,0.443813,-0.357881,-0.344663,-0.153014,-1.138522,-0.79236,0.772607,0.98655,-0.557506,2.748277,-2.15466,-0.362062,-0.4121,-0.224124,2
0.21331,-0.296603,-0.904481,-0.038653,0.521392,0.881139,-1.272254,-1.482224,1.358693,-0.220789,0.209034,-0.371978,-0.187829,-0.362062,0.263381,0.024061,2
0.294978,-0.296603,-0.255021,-0.0959,-0.051284,-0.262397,-1.087086,-1.128669,1.214605,0.901742,-0.334709,2.211506,-2.047069,-0.362062,1.066255,0.008899,2
0.294978,-0.296603,-0.401244,-0.259234,-0.026053,-0.275031,-0.109812,-0.624206,0.182627,-0.382505,-0.256693,-0.939297,0.49405,-0.362062,-0.646148,-0.244553,2
0.131641,0.089021,-0.967148,-0.240151,-0.41214,-0.245108,-0.077236,-0.32239,0.18068,-0.514985,-0.178381,0.387357,-0.393007,0.61357,0.334484,0.203935,2
0.294978,0.910338,0.176053,0.072932,0.235641,0.788213,-1.174527,-1.298979,1.101672,1.159328,0.917543,1.482719,-0.556939,2.077018,4.037778,-0.006264,2
0.21331,0.46059,0.001345,12.431309,0.034383,0.943145,-1.124806,-1.413238,1.526146,0.942039,2.222941,-0.559629,0.470882,2.564834,0.63371,0.877624,2
0.21331,-0.296603,-0.013847,-0.168673,-0.358158,-0.698101,-0.217826,0.082905,-0.074394,-0.944297,-0.555878,2.036946,-1.371859,-0.362062,-0.118799,-0.430492,2
0.294978,-0.296603,1.421801,-0.278963,-0.012558,0.416011,-0.920778,-0.574622,0.653832,1.205947,-0.378972,1.770742,-1.680767,-0.362062,-0.752803,-0.417245,2
0.21331,-0.296603,0.626118,-0.210719,-0.436784,-0.864004,0.171369,1.387178,-0.49692,-0.96563,-0.539297,0.679744,-0.281555,-0.362062,-0.6817,-0.506942,2
0.21331,-0.296603,-1.506466,-0.301604,-0.47551,-0.886279,0.610286,-0.115431,0.054117,-1.004347,-0.503176,-1.122584,0.521255,-0.362062,-0.471353,-0.407669,2
0.21331,-0.296603,-0.883592,0.293837,-0.011384,-0.181274,-0.901919,-1.057527,1.263283,0.525633,-0.418646,1.500175,-1.771334,-0.362062,0.340409,-0.320205,2
0.294978,-0.296603,-0.230334,-0.244033,-0.476097,-0.430793,0.749161,1.199622,-0.7481,-0.976692,-0.51043,-0.843289,0.24078,-0.362062,0.115249,-0.212632,2
0.131641,-0.296603,-0.984239,-0.293518,-0.173916,-0.12625,-1.066512,-0.885061,1.181504,0.066297,-0.217463,2.137318,-1.576335,-0.362062,0.038221,-0.223804,2
0.294978,-0.296603,0.217832,-0.157676,-0.04835,-0.731015,0.534847,0.470953,0.0658,-0.760457,-0.45684,0.265165,-0.013016,-0.362062,-0.655036,-0.523541,2
0.21331,-0.296603,-0.655711,-0.421597,-0.410966,-0.592208,0.267382,0.263994,-0.039345,-0.961416,-0.572902,1.86675,-1.625831,-0.362062,-0.791317,-0.39506,2
0.21331,-0.296603,-1.255797,-0.191636,-0.142818,-0.411178,-0.152675,-0.50348,0.441595,-0.98275,-0.533376,0.413541,-0.483398,-0.362062,-0.047696,-0.398731,2
0.294978,-0.296603,0.582441,-0.101722,0.247376,0.742831,-1.988922,-1.400303,1.524198,1.918393,0.667507,1.408531,-0.706654,-0.362062,-0.548381,-0.171295,2
0.131641,0.380654,-1.521658,-0.13924,-0.122868,1.041224,-1.604871,-1.460666,1.44826,0.874613,1.275499,-0.262878,-0.848647,1.589202,0.278194,0.246709,2
0.294978,-0.296603,0.168457,0.08781,-0.239046,-0.002404,-0.605307,-0.553064,0.665515,0.688139,-0.488372,2.377337,-1.564751,-0.362062,0.879609,-0.183744,2
0.21331,-0.296603,-0.786742,-0.416746,-0.409793,0.380603,0.637718,0.173449,-0.403458,-0.675384,-0.507025,-0.23233,-0.352814,-0.362062,-0.498016,-0.06835,2
0.294978,-0.011118,-0.760156,-0.244033,-0.338209,-0.312766,-0.104668,-0.581089,0.805708,0.063399,-0.195553,-1.170588,1.37865,0.61357,0.441139,0.712913,2
0.294978,-0.296603,0.797028,-0.319392,-0.419181,-0.238126,0.908611,0.380408,-1.287454,-0.934025,-0.532191,0.334989,-0.235921,-0.362062,-0.106949,-0.109847,2
-0.521706,3.172253,-0.02714,1.214004,2.600861,4.17859,-1.964919,-1.956505,1.623502,1.99846,3.37586,0.029509,-0.00617,5.003913,-0.776504,2.860707,2
0.294978,-0.296603,0.740058,-0.392488,-0.356985,-0.660531,-0.048089,0.016074,-0.345044,-0.904789,-0.596144,2.569353,-1.889456,-0.362062,-0.163239,-0.215345,2
-0.031696,-0.296603,0.200741,0.421916,1.28183,2.072051,-2.283819,-1.788351,1.705281,2.154119,1.674313,1.591819,-1.355712,-0.362062,0.281157,0.025338,2
0.21331,-0.296603,-1.166544,-0.372759,-0.397471,-0.621632,0.8246,-0.113275,-0.060764,-0.98196,-0.590222,0.029509,-0.076903,-0.362062,-0.222491,0.366252,2
0.21331,-0.296603,0.69828,-0.147973,0.051985,-0.533195,0.058211,-0.578934,0.359816,0.574886,-0.530859,0.339353,-2.218372,-0.362062,-0.527643,-0.268653,2
0.294978,-0.206126,0.529268,-0.312924,-0.406859,0.882801,0.510844,1.206089,-0.792884,-0.96168,-0.538705,-0.267242,0.599008,0.125754,0.586308,14.073066,2
0.294978,-0.296603,-0.691792,-0.183874,-0.422115,0.065254,0.579424,-0.242625,0.005439,-0.741493,-0.50895,0.330625,-0.457773,-0.362062,0.384849,-0.08862,2
0.294978,-0.296603,0.561552,-0.34365,-0.477857,-0.912046,0.382255,1.156505,-0.759782,-0.916905,-0.59718,0.76266,-0.662951,-0.362062,-0.335072,-0.433524,2
0.294978,-0.296603,0.234923,-0.181287,-0.315912,0.221183,0.584568,0.386876,-0.058816,-0.695138,-0.417462,-0.773465,1.30037,-0.362062,-0.338034,-0.211515,2
0.294978,0.144361,0.054517,0.231414,1.284764,0.982044,-2.225526,-1.676248,1.662444,2.209692,2.816277,0.732112,-0.661722,1.101386,0.367073,0.195316,2
0.294978,-0.296603,-0.748762,-0.388284,-0.413314,0.706425,-0.236686,-0.604803,0.679145,-0.684339,-0.009766,-1.017849,0.405765,-0.362062,-0.346922,-0.132032,2
0.21331,-0.296603,-0.929168,-0.118864,-0.418594,-0.738163,1.19665,1.063805,-0.829879,-0.992759,-0.586077,-0.529082,-0.683135,-0.362062,0.396699,-0.275037,2
0.21331,-0.207005,0.204539,-0.009544,-0.014905,1.772495,-1.195101,-1.419705,0.860228,1.071886,0.380018,1.487083,-0.966242,0.125754,-0.189902,1.30297,2
0.21331,-0.296603,-1.477981,-0.353353,-0.339382,-0.741488,0.732016,0.059191,-0.142543,-0.984594,-0.601473,-1.070217,-0.302968,-0.362062,-0.518755,-0.295786,2
0.131641,-0.296603,-0.680398,-0.252118,-0.093531,0.2275,-0.245259,-0.572466,0.303349,-0.965367,-0.371866,0.444089,-0.400204,-0.362062,-0.323221,1.195237,2
-0.276701,1.555972,-1.677376,0.134708,0.685097,1.505853,-2.237527,-1.848714,1.716964,2.111978,3.688664,-1.035305,-0.400028,2.077018,-0.533568,0.566396,2
0.294978,-0.296603,1.393316,-0.488224,-0.510715,-0.868658,1.12807,1.167284,-2.438207,-0.928757,-0.62205,-0.852017,1.177158,-0.362062,-0.948337,-0.467201,2
0.294978,0.00645,0.238721,1.010564,0.178725,0.762945,-1.74889,-1.395991,1.302226,1.449311,1.365654,1.159783,-0.519905,1.101386,0.375961,0.266659,2
0.294978,-0.296603,0.388742,-0.413188,-0.498393,-0.965906,1.395534,1.41736,-1.850174,-0.976956,-0.605322,-0.158142,-0.160975,-0.362062,-0.240267,-0.383568,2
0.21331,-0.123555,-0.927269,-0.016336,-0.243741,0.136735,-0.673888,-1.258018,1.294437,0.841691,0.420876,-0.952389,0.39383,0.125754,0.08266,0.353484,2
0.294978,-0.296603,0.910969,-0.404779,-0.459081,-0.71622,-0.29498,0.337292,0.132002,0.087367,-0.446033,0.557553,-0.13026,-0.362062,-0.056584,-0.150067,2
-0.930048,2.207755,-0.617731,0.269579,0.937403,0.841076,-0.884773,-1.443419,1.315856,1.415335,1.875792,0.592464,-0.195377,3.540465,-0.31137,0.20601,2
0.21331,-0.296603,-1.012724,-0.425478,-0.422702,-0.038976,0.582853,0.08506,-0.070499,-0.784951,-0.375567,-0.834561,0.446134,-0.362062,-0.660961,-0.175444,2
0.294978,-0.296603,0.005143,0.027004,-0.267211,-0.525714,0.154224,-0.380598,-0.18538,-0.148886,-0.403399,-0.27597,0.458596,-0.362062,0.787767,0.160842,2
0.294978,-0.296603,-0.330981,-0.28899,-0.181544,1.272956,-0.234971,-0.367663,0.43186,-0.934551,-0.403399,-0.031586,-0.536228,-0.362062,0.097473,0.049438,2
0.21331,-0.296603,-0.530377,-0.175788,-0.438544,-0.384247,0.642861,-0.656543,0.75703,0.078412,-0.34522,0.396085,0.039113,-0.362062,-0.237305,-0.333612,2
0.21331,-0.296603,-1.024118,0.192602,0.796581,0.165826,-1.616872,-1.635287,1.477467,0.781903,-0.212134,2.176594,-2.028991,-0.362062,0.435214,-0.206408,2
0.294978,-0.296603,0.367853,-0.276376,-0.177437,-0.35499,-0.919064,-0.609115,0.686933,0.798496,-0.367425,0.077513,-0.469532,-0.362062,-0.201753,-0.074734,2
0.21331,-0.296603,-0.708883,0.23012,0.698592,2.410507,1.064633,-0.913086,1.208764,0.644155,-0.408136,1.696555,-1.335001,-0.362062,3.089735,0.451002,2
0.294978,-0.296603,1.222406,-0.321333,-0.423875,-0.356985,0.337677,0.833131,-1.287454,-0.935605,-0.575419,1.094324,-0.541494,-0.362062,-0.056584,0.107534,2
0.21331,-0.296603,-1.13616,-0.156706,-0.112894,-0.614318,-0.56073,-1.148071,1.111407,-0.551332,0.025911,-1.2055,1.343547,-0.362062,-0.29952,-0.218218,2
0.21331,-0.296603,-1.117169,-0.421597,-0.465535,-0.588717,0.594855,1.186687,-0.179538,-0.963787,-0.518276,-0.974209,0.273953,-0.362062,-0.817981,-0.426183,2
0.294978,-0.296603,-0.040433,-0.257617,-0.349357,0.657884,-0.656743,-0.302988,0.636308,-0.2466,0.148487,-0.869473,-0.625215,-0.362062,0.384849,-0.06021,2
-5.748486,0.899797,1.545237,1.403859,3.676975,2.587382,-2.042072,-1.893986,1.711123,2.726182,3.419383,1.299431,-0.426531,1.589202,6.784141,1.892548,2
-4.278454,0.797022,0.563451,0.60595,-0.34525,-0.580904,0.483411,0.593835,-0.350886,-0.580567,-0.421755,-1.074581,2.328893,0.61357,0.414475,0.491223,2
0.21331,-0.296603,-0.304395,-0.393459,-0.443825,-0.681311,0.872607,0.253215,-0.38204,-0.588469,-0.591555,-0.694913,0.628671,-0.362062,-0.266931,-0.09676,2
-3.46177,7.63723,2.392193,2.445313,7.710935,7.079237,-2.012926,-2.353177,1.584559,2.63795,3.258022,-1.144404,3.47975,1.589202,0.553719,1.310631,3
-0.113364,-0.296603,1.239497,-0.409954,-0.345836,-0.38724,-1.05794,0.078593,0.577894,-0.066711,-0.259062,1.949666,-1.212315,-0.362062,-1.049067,-0.542534,3
0.294978,-0.296603,0.572946,-0.433241,-0.432677,-0.69943,0.166226,0.395499,-0.56507,-0.620338,-0.545811,0.566281,-0.441625,-0.362062,-0.915748,-0.459221,3
0.294978,-0.296603,1.040101,-0.163174,0.386437,0.096839,-1.728316,-0.783737,1.2516,1.716906,0.111773,1.80129,-1.168261,-0.362062,-0.498016,-0.245989,3
0.049973,3.708085,-0.203748,1.204948,2.426007,3.094733,-2.376403,-1.934947,1.701387,1.988452,4.538253,0.623012,-0.110427,2.564834,0.69,-0.02414,3
0.21331,-0.296603,-0.270213,-0.233683,0.129437,0.245453,-1.62373,-1.389524,1.376217,1.898376,-0.077863,1.168511,-1.582654,-0.362062,-0.009182,0.111205,3
0.21331,-0.165719,-0.680398,-0.403485,-0.364026,1.113204,0.178227,0.432148,-0.014033,-0.980643,-0.25092,-1.105128,0.603747,0.125754,-0.773542,1.157251,3
0.294978,-0.215789,1.220507,0.02474,-0.442065,-0.503272,1.1435,2.20208,-1.943636,-0.930074,-0.586225,-1.105128,1.588918,0.125754,2.393516,1.007063,3
-1.991738,0.18916,-1.240605,0.188721,-0.100572,1.128165,-1.556864,-1.650378,1.596242,2.3427,1.788006,-0.642545,0.565836,0.61357,1.169947,0.496011,3
0.049973,-0.296603,0.836907,0.096866,0.914519,-0.008721,-1.539719,-1.367965,1.232129,2.134365,0.080981,2.525713,-1.949307,-0.362062,0.144875,-0.333931,3
0.21331,-0.296603,-0.984239,-0.144739,-0.380455,-0.285503,0.378826,-0.484077,0.318926,-0.41095,-0.361652,-0.51599,0.422439,-0.362062,0.944787,-0.196353,3
0.294978,-0.296603,-0.150576,0.054173,-0.205601,-0.13506,-0.308696,-0.652232,1.140614,0.796916,-0.457876,0.884852,-1.884366,-0.362062,0.447064,0.241282,3
0.21331,-0.296603,-0.393648,-0.14862,-0.358158,-0.262895,0.450835,0.242436,0.176786,-0.962733,-0.47046,0.426633,-0.458826,-0.362062,1.685446,0.933646,3
-0.113364,-0.157813,1.547136,-0.23433,0.08367,0.887289,-1.469424,-0.829009,0.864122,1.772479,0.631978,1.303795,-0.618194,0.61357,-0.797243,-0.347817,3
-2.563417,4.017287,-1.394424,2.596033,3.669934,3.569004,-2.414123,-2.223828,1.7267,-0.533685,2.484968,-1.109492,-0.659616,2.564834,3.717814,2.48053,3
0.049973,3.830185,-0.577852,1.153198,3.188206,2.252583,-2.179234,-1.973752,1.607925,1.81146,3.174232,1.356163,-0.642591,5.491729,0.381886,1.334891,3
0.21331,-0.296603,-1.28808,-0.114336,0.043771,-0.303457,-0.955069,-1.408926,1.444366,2.01479,0.047525,-0.590177,-0.983267,-0.362062,-0.660961,-0.378142,3
0.294978,-0.296603,1.689561,-0.413511,-0.378108,-0.582068,-1.205388,-0.361195,0.278037,-0.785478,-0.5655,2.604265,-1.729736,-0.362062,-0.942412,-0.393464,3
-0.113364,-0.146394,0.616623,0.714946,1.356348,0.946802,-1.591154,-1.475756,1.341168,2.097492,1.250776,2.377337,-1.549657,0.61357,1.543239,0.492659,3
0.294978,-0.296603,-0.530377,-0.286402,-0.507782,-0.789198,1.652712,1.320348,-1.29719,-0.757033,-0.611244,-1.196772,1.604363,-0.362062,0.002669,-0.246149,3
0.294978,-0.296603,0.686886,-0.383756,-0.302416,-0.462545,0.226234,0.481732,-0.290525,-0.921119,-0.548624,1.295067,-0.720871,-0.362062,-0.418025,-0.082555,3
0.21331,-0.296603,-0.976643,0.069051,0.455675,1.230566,-0.293265,-1.467133,1.311961,0.215107,-0.01095,-0.943661,0.652014,-0.362062,0.666299,0.14552,3
-5.176807,-0.296603,-1.381131,0.227856,0.017367,0.17846,-1.952918,-1.833623,1.718911,1.444043,2.887483,0.570645,-0.744917,-0.362062,1.356593,-0.102984,3
0.21331,-0.296603,-0.570256,-0.227861,0.216278,-0.342855,0.402829,-1.042436,0.868016,-0.220789,-0.512206,-0.354522,-0.641889,-0.362062,-0.19879,0.129559,3
0.294978,1.47955,0.816018,0.946848,3.097258,1.807404,-2.036929,-1.775416,1.555352,2.939784,2.790962,1.194695,-0.433025,5.003913,3.463027,-0.01201,3
0.21331,-0.296603,-0.902582,-0.216864,-0.243154,-0.187591,-1.400843,-1.370121,1.434631,1.490662,0.340196,1.137964,-1.530877,-0.362062,0.73444,0.01656,3
0.294978,-0.296603,-1.088684,-0.281874,-0.4139,-0.571928,-0.06352,-0.479766,0.681092,-0.944033,-0.194221,-0.642545,0.375752,-0.362062,-0.225454,-0.41517,3
-0.113364,0.203215,-0.663307,0.157671,1.163891,3.578812,-1.627159,-1.820688,1.798743,2.301612,1.39008,-0.284698,0.274479,1.101386,-0.370623,0.926463,3
0.21331,-0.296603,-0.60064,0.192279,-0.441478,-0.794019,1.062918,0.432148,-0.004297,-0.9788,-0.546847,-1.192408,1.447979,-0.362062,0.983301,-0.140331,3
0.294978,-0.296603,0.81222,-0.133095,0.117116,0.034667,-1.112804,-1.107111,0.877752,2.417763,0.42591,1.543815,-0.803715,-0.362062,-0.240267,-0.121658,3
-0.195033,6.243187,-0.591145,-0.1166,0.863471,4.588694,-1.954632,-1.825,1.594295,1.754833,4.581924,0.160429,0.054909,2.564834,-1.043141,0.207925,3
0.294978,-0.296603,-0.631024,-0.399604,-0.229658,-0.735005,0.466266,0.60677,-0.222375,-0.994076,-0.555729,-1.2055,2.575844,-0.362062,-0.548381,-0.475979,1
0.294978,-0.296603,2.519426,-0.179669,-0.548268,-1.089918,2.705425,4.043154,-3.489656,-0.971952,-0.64544,-1.022213,2.101775,-0.362062,-0.666887,-0.474702,1
0.294978,-0.296603,2.618175,-0.453941,-0.509542,-0.970893,2.055623,2.273222,-2.905517,-0.976166,-0.633597,-1.057125,2.247453,-0.362062,-0.83872,-0.511731,1
0.294978,-0.296603,1.613601,-0.467525,-0.49546,-1.081773,2.799724,3.129084,-3.563646,-0.988281,-0.649437,-1.144404,2.767331,-0.362062,-0.972038,-0.583712,1
0.294978,-0.296603,1.300265,-0.407043,-0.442651,-0.929002,1.165789,2.518986,-1.96116,-0.979853,-0.611392,-0.206146,0.507389,-0.362062,-0.225454,-0.45539,1
0.294978,-0.296603,2.861248,-0.454264,-0.525971,0.173473,2.444819,3.674508,-3.460449,-0.972742,-0.646477,-1.148768,2.859828,-0.362062,-0.462465,0.643325,1
0.294978,-0.296603,1.746531,-0.499221,-0.543574,-0.849209,0.992623,1.934758,-1.28356,-0.994076,-0.577935,-0.323974,0.825599,-0.362062,-0.966113,-0.539023,1
0.294978,-0.296603,1.450286,-0.406396,-0.533599,-1.013616,2.384811,3.611989,-3.246265,-0.994339,-0.639519,-1.087673,1.898177,-0.362062,-0.397287,-0.347338,1
0.21331,-0.296603,-0.820925,-0.411571,-0.552375,-0.860845,2.040193,2.409039,-2.039045,-1.006718,-0.623975,-1.188044,1.702301,-0.362062,-0.228417,-0.362979,1
0.21331,-0.296603,0.426722,-0.467525,-0.487245,-0.936981,2.333375,2.997579,-3.000927,-0.991178,-0.638335,-1.096401,1.482029,-0.362062,-0.720214,-0.527691,1
0.294978,-0.296603,1.433195,-0.382138,-0.393951,-0.776564,1.265231,1.19531,-2.093565,-0.94377,-0.569941,-1.030941,1.873605,-0.362062,-0.966113,-0.474224,1
0.294978,-0.296603,-0.412638,-0.392488,-0.486071,-0.513745,1.212081,0.449395,-2.01568,-0.975376,-0.552917,-0.646909,0.509495,-0.362062,-0.225454,-0.106974,1
0.294978,-0.296603,1.40471,-0.27767,-0.479617,-0.604842,1.174362,1.872239,-2.18508,-0.973532,-0.605766,-0.952389,1.440958,-0.362062,-0.903898,-0.482204,1
0.294978,-0.296603,0.764745,0.016655,-0.361679,-0.499116,-0.370418,-0.236157,0.077482,-0.661162,-0.383561,-0.193054,0.291329,-0.362062,0.011557,-0.263865,2
0.294978,-0.296603,1.078081,-0.408337,-0.430329,-0.669175,0.692582,0.613237,-1.131684,0.022575,-0.567572,-0.817105,0.792602,-0.362062,-0.447652,-0.407509,2
0.21331,-0.296603,-0.515185,-0.376964,-0.152793,-0.937979,0.570852,0.647731,-0.358674,-1.002767,-0.597328,-1.192408,1.891507,-0.362062,-0.234342,-0.514125,2
0.294978,-0.296603,-0.701287,-0.230772,-0.148099,-0.020524,-0.490434,-1.227837,1.358693,0.609125,0.052854,0.579373,-0.362292,-0.362062,-0.272856,-0.057497,2
0.21331,-0.296603,-0.931067,-0.382138,-0.450279,0.393569,0.190229,-0.050757,-0.165909,-0.969054,-0.395404,-0.245422,-0.129558,-0.362062,-0.441726,-0.02414,2
0.294978,-0.296603,0.81222,0.185163,-0.405686,-0.541008,0.793739,1.318192,-0.69358,-0.96247,-0.58889,-0.529082,0.035076,-0.362062,0.402625,-0.343667,2
0.294978,-0.205248,0.576744,0.300305,0.119463,0.517747,-1.514001,-0.997163,1.243812,1.238079,-0.274161,2.342425,-1.600732,0.125754,3.234904,1.645161,2
0.21331,-0.296603,-1.048805,-0.007926,-0.364026,-0.504436,0.31196,0.059191,0.751189,-0.975902,-0.515759,-0.926205,0.136875,-0.362062,1.137358,0.216544,2
0.294978,-0.296603,0.895777,-0.180963,-0.038375,-0.472186,-0.728752,-0.128366,0.753136,2.136999,-0.286893,0.745204,-0.54009,-0.362062,0.417438,-0.362181,2
0.21331,-0.296603,-0.198051,-0.477228,-0.527731,-0.66984,1.117783,1.275075,-1.361445,-0.992495,-0.615389,-0.053406,-0.31578,-0.362062,-0.51283,-0.346061,2
0.294978,-0.296603,-0.158172,-0.227537,-0.300069,-0.359478,-1.694025,-1.122201,1.621555,1.728231,-0.415094,0.068785,-2.241541,-0.362062,0.681112,0.093329,2
0.21331,-0.296603,-1.274787,-0.187108,0.084844,-0.54267,0.00849,-0.852723,0.897223,-0.986701,-0.551732,0.71902,-1.039081,-0.362062,-0.933524,-0.49194,2
0.294978,-0.296603,1.495862,-0.375346,-0.562937,-0.999652,2.379667,2.437065,-3.037922,-0.989598,-0.640407,-0.105774,0.513883,-0.362062,-0.930561,-0.474862,2
0.21331,-0.296603,0.402035,-0.481756,-0.456147,-0.6597,1.16236,0.460174,-1.696351,-0.962733,-0.585485,-0.716733,0.729417,-0.362062,-0.918711,-0.430492,2
0.131641,-0.296603,-0.767752,-0.29093,-0.425635,-0.753956,1.323525,0.953858,-0.880504,-0.988018,-0.612428,-0.834561,0.674305,-0.362062,0.035258,-0.068669,2
0.294978,-0.296603,-0.803834,-0.421921,-0.456734,0.246451,0.233092,0.225189,0.352027,-0.715418,-0.368314,-0.777829,-0.091647,-0.362062,-0.829832,-0.107293,2
0.21331,-0.296603,-0.669004,-0.380198,-0.470816,-0.956098,1.956181,0.77708,-1.906641,-0.999343,-0.638483,-0.904385,-0.095683,-0.362062,-0.820944,-0.49593,2
-7.136849,1.315286,-0.456315,-0.103339,0.659866,0.850053,-1.099088,-1.736611,0.949796,0.550655,0.341824,-1.222956,2.964085,0.125754,-0.918711,-0.184382,2
0.21331,-0.296603,-0.479104,-0.244356,-0.188585,0.921534,-0.577875,-1.363654,0.766766,1.633678,-0.126716,-0.773465,0.142843,-0.362062,-0.314333,-0.091014,2
-0.276701,0.216391,-1.09628,0.054173,0.101273,0.729033,-1.165954,-1.471445,1.405424,1.593117,2.567573,-1.105128,2.285891,1.101386,-0.640223,0.623215,2
0.131641,-0.296603,-1.586224,-0.268937,-0.444412,-0.95427,1.028628,-0.522882,1.117249,-0.684866,-0.594515,-1.122584,-0.86339,-0.362062,-0.08621,-0.364416,2
0.21331,-0.296603,0.151366,-0.365967,-0.464361,-0.724698,1.052631,0.938767,-1.347815,-0.977219,-0.596884,0.369901,-0.670498,-0.362062,-0.275819,-0.317173,2
-2.563417,0.533498,-0.048029,0.410596,0.977889,1.23439,-1.416274,-1.715053,1.34701,0.716848,0.984456,-0.441802,0.150565,1.589202,0.645561,0.058376,2
0.21331,-0.296603,-0.338577,-0.45297,-0.51893,-0.958093,-0.704749,0.796482,0.498062,-0.973532,-0.637446,-0.786557,-3.50034,-0.362062,-0.90686,-0.573817,2
0.21331,-0.296603,-1.065896,-0.161557,-0.364026,-0.808647,0.437119,0.518381,-0.204851,-0.999607,-0.545515,-1.135676,0.987776,-0.362062,-0.536531,-0.45555,2
0.294978,-0.188558,-0.104999,-0.435181,-0.407446,0.775413,0.269097,-0.236157,-0.249635,-0.260296,-0.386078,-0.271606,0.097384,0.125754,-0.598746,7.701823,2
0.131641,-0.296603,-1.32606,-0.327478,-0.426222,-0.054436,-0.296694,-1.176097,1.052993,0.829048,-0.13545,-1.16186,-1.316221,-0.362062,-0.015107,-0.055103,2
0.049973,-0.296603,0.654603,-0.311307,-0.11348,0.009897,-0.84191,-0.279274,0.552582,-0.264247,-0.181638,1.425987,-0.913763,-0.362062,-0.669849,-0.19332,2
0.21331,-0.296603,-1.07729,-0.201339,-0.378695,-0.632105,0.872607,0.06997,0.147579,-0.955095,-0.461133,-1.16186,0.814366,-0.362062,0.210053,-0.084789,2
0.21331,-0.296603,-0.716479,-0.38602,-0.356398,-0.055267,-0.046375,-0.829009,0.406547,-0.032735,-0.26143,0.544461,-0.261897,-0.362062,-0.474315,-0.180871,2
0.21331,-0.296603,-0.418335,-0.276699,-0.018426,0.650736,-0.764757,-0.458207,0.758977,-0.543957,0.025467,-0.559629,-0.128154,-0.362062,-0.560232,-0.022703,2
0.21331,-0.296603,-1.272888,-0.36629,-0.446759,-0.355987,0.301672,-0.516415,0.389023,0.606228,-0.37083,-0.747281,0.306423,-0.362062,-1.052029,-0.457944,2
0.294978,-0.296603,-0.048029,-0.347531,-0.354051,-0.561621,0.190229,0.082905,-0.294419,-0.940873,-0.395404,-0.53781,0.075796,-0.362062,-0.977963,-0.557058,2
0.21331,-0.296603,-0.782944,-0.428066,-0.474923,-0.674329,1.049202,0.419213,0.507798,-0.158631,-0.538261,-0.310882,0.141965,-0.362062,-0.900935,-0.425065,2
0.21331,-0.296603,-1.255797,-0.329095,-0.500154,-0.942135,1.717864,0.641263,-0.48329,-0.986964,-0.630785,-1.166224,0.772067,-0.362062,-0.210641,-0.413255,2
0.294978,-0.296603,0.348863,0.30451,-0.21851,-0.613487,0.637718,-0.415091,0.114478,0.977595,-0.483043,1.443443,-0.958871,-0.362062,2.269085,-0.238009,2
0.21331,-0.296603,-0.245526,-0.236594,-0.393951,-0.202053,0.624002,0.216566,-0.744205,-0.949037,-0.48704,-0.38507,0.437183,-0.362062,0.115249,-0.243595,2
0.294978,-0.296603,1.368629,-0.244679,-0.188585,-0.05161,-1.071656,-0.669478,0.805708,1.730338,-0.197478,-0.34143,-1.035747,-0.362062,0.023407,0.319169,2
0.294978,-0.296603,0.726765,-0.33427,-0.457907,-0.928337,0.810884,0.843911,-0.833773,-0.950618,-0.615093,1.722738,-1.6239,-0.362062,0.260418,-0.118625,2
0.294978,-0.296603,0.958444,-0.303544,-0.315325,-0.338533,-0.387563,0.378253,0.128108,-0.494968,-0.413761,1.164147,-0.972034,-0.362062,-0.847607,-0.524339,2
0.21331,-0.296603,-0.716479,-0.043504,-0.361679,-0.761603,0.219376,0.09584,0.059958,-0.970635,-0.552769,1.526359,-1.516133,-0.362062,0.153763,-0.347179,2
0.21331,-0.296603,-0.059423,-0.374053,-0.214989,-0.362803,-0.114955,-0.057224,0.170945,-0.591893,-0.247811,-0.337066,0.307301,-0.362062,-0.746878,-0.292754,2
0.294978,-0.296603,0.472298,-0.426772,-0.364026,-0.782714,0.510844,1.057337,-0.880504,-0.968528,-0.538409,0.479001,-0.012664,-0.362062,-1.013515,-0.440387,2
0.21331,-0.296603,-0.587347,-0.393782,-0.355811,-0.433619,0.41826,-0.098185,-0.249635,-0.949564,-0.491185,-0.808377,0.464037,-0.362062,-0.604671,-0.294509,2
0.049973,5.814521,-0.080312,1.630585,2.531037,3.110858,-1.64259,-1.973752,1.459943,1.85123,0.704665,1.914754,-2.163963,1.589202,3.741515,1.899092,2
0.21331,-0.296603,-0.471508,-0.169643,-0.487245,-0.875973,0.958332,1.796785,-0.512497,-0.984857,-0.563427,-0.638181,-0.213455,-0.362062,-0.844645,-0.535192,2
0.131641,-0.296603,-1.373535,-0.238858,-0.23846,-0.176952,-0.948211,-1.189032,1.232129,0.126874,-0.506433,2.639177,-2.629606,-0.362062,-0.699476,-0.369364,2
0.21331,-0.296603,-1.19313,0.149585,0.03849,-0.044628,-0.255546,-1.14376,0.990685,-0.423065,-0.345072,-1.222956,1.53363,-0.362062,0.630748,-0.148152,2
0.21331,-0.296603,0.052618,-0.356264,-0.426222,-0.054602,0.694297,0.473109,-0.773412,-0.970898,-0.487484,-0.40689,0.319236,-0.362062,-0.293595,-0.098994,2
0.294978,-0.296603,-0.357567,-0.308396,-0.501914,-0.890601,1.798446,1.563956,-2.660179,-0.991705,-0.604138,-0.926205,0.965485,-0.362062,-0.080285,-0.370321,2
0.294978,-0.296603,0.779937,-0.309366,-0.293615,-0.680978,-0.053233,0.257526,-0.204851,-0.951935,-0.467055,-0.485442,0.724678,-0.362062,0.02637,0.321723,2
0.294978,-0.296603,0.64131,-0.405749,-0.4139,-0.359811,-0.272691,-0.361195,-0.031557,-0.313762,-0.433598,0.00769,-0.09972,-0.362062,-0.213603,-0.062125,2
0.131641,-0.296603,-1.95653,-0.233683,-0.451453,-0.693778,-1.25168,-1.615885,1.514463,1.183296,0.608144,-1.22732,-0.880415,-0.362062,0.144875,-0.301372,2
0.294978,-0.296603,0.673593,-0.412218,-0.429156,-0.533361,0.421689,0.479576,-0.843509,-0.945613,-0.498735,-0.393798,-0.008803,-0.362062,-0.003256,-0.193959,2
0.21331,-0.296603,-0.993734,0.190661,-0.324713,-0.516904,-0.519581,-1.301135,1.477467,1.027901,-0.107323,-1.218592,-0.688927,-0.362062,1.700259,-0.0966,2
-1.583396,4.336151,-1.403919,-0.035095,0.01854,2.088841,-1.479711,-1.738767,1.623502,2.180984,2.265132,-0.34143,-0.256456,1.589202,-0.628372,0.592412,3
0.294978,-0.296603,-0.623428,-0.465908,-0.582887,-0.951942,2.782579,1.078895,-1.766448,-1.004084,-0.627972,-1.218592,2.03034,-0.362062,-0.52468,-0.266898,3
-0.113364,0.378019,-0.496195,1.584981,4.212098,1.366048,-2.501563,-2.116036,1.781219,2.643744,4.093991,1.569999,-0.763697,1.589202,4.72511,0.245432,3
-0.358369,-0.296603,-1.122866,-0.198752,-0.52245,-0.803161,0.876036,0.035476,0.067747,-0.791272,-0.572902,0.343717,-0.413543,-0.362062,-0.640223,-0.441026,3
0.294978,-0.296603,0.24062,-0.19196,0.237401,1.587474,-1.596298,-1.057527,1.51641,2.152012,-0.295627,2.678453,-2.227324,-0.362062,-0.729102,0.063324,3
-6.483502,-0.296603,-1.679275,0.287691,0.671602,1.120352,-2.721021,-2.286346,1.711123,1.870984,3.885998,-1.22732,-1.032587,-0.362062,-0.003256,-0.309193,3
0.294978,-0.296603,0.426722,0.413507,0.219211,0.531878,-1.886051,-1.279576,1.446313,2.061935,-0.29844,2.783189,-2.414073,-0.362062,0.467803,-0.352765,3
-2.726754,2.084777,-1.164645,0.751818,0.12357,1.072975,-1.225962,-1.600794,1.496939,1.122982,1.515616,-1.218592,-0.174315,0.61357,0.494466,0.125569,3
0.21331,-0.296603,-1.557739,-0.036065,-0.414487,-0.562452,-0.775044,-1.044592,1.103619,-0.789955,-0.477862,1.364891,-1.990728,-0.362062,-0.474315,-0.475181,3
-0.276701,1.467252,-1.005128,0.624385,-0.112307,0.83426,-1.196815,-1.229992,1.352851,1.049498,1.167283,0.230253,-0.605733,0.61357,-0.154351,0.012889,3
-1.420059,0.26119,-0.625327,-0.19196,0.025581,0.784223,-1.356266,-1.363654,1.216552,1.675292,1.235232,-0.21051,-0.336491,1.101386,-0.275819,-0.070584,3
0.294978,-0.296603,0.4685,-0.261174,-0.527731,-0.732678,1.743581,1.359153,-2.196763,-0.974322,-0.5957,-0.808377,1.466232,-0.362062,0.405587,-0.384207,3
0.294978,-0.296603,0.633714,-0.107867,0.328348,0.729033,0.013634,-0.391377,-0.1036,-0.532369,-0.477565,-0.289062,0.512655,-0.362062,-0.992777,-0.520509,3
-0.031696,4.562782,-0.378456,1.246347,1.746542,2.267046,-0.968785,-1.266642,1.504727,-0.389089,0.947891,-0.53781,0.278867,1.589202,2.594975,1.640692,3
0.21331,-0.296603,-0.60064,-0.248884,-0.271318,0.12593,-0.409852,-0.928177,1.021839,0.367341,-0.220868,0.714656,-0.760362,-0.362062,0.814431,0.038744,3
0.294978,-0.296603,0.090598,-0.104309,-0.168636,0.313776,-0.099525,-0.837632,0.07943,2.020321,-0.245886,-0.930569,1.365662,-0.362062,0.980339,0.447651,3
0.294978,-0.296603,0.508379,-0.154118,-0.081795,0.591057,-1.385412,-0.930333,1.088042,1.000773,-0.421755,2.914108,-2.684543,-0.362062,1.291415,0.648752,3
0.294978,-0.296603,0.24062,0.048674,0.477972,-0.15584,-1.987208,-1.165318,1.582612,1.652641,0.005186,2.608629,-1.929298,-0.362062,-0.563194,-0.377025,3
0.294978,-0.296603,-0.053726,-0.086521,0.313093,2.055262,-1.580867,-1.581392,1.376217,1.261783,1.357956,0.334989,-0.1694,-0.362062,0.713701,-0.178636,3
0.294978,-0.208761,0.743856,-0.186785,-0.187412,0.526724,0.006775,-0.736309,-0.14449,0.106594,0.06751,-0.323974,0.598306,0.125754,-0.62541,-0.271845,3
0.21331,-0.296603,-0.73357,-0.329742,-0.376935,-0.252256,-0.768186,-0.376286,1.010157,0.116076,-0.133081,-0.651273,0.589706,-0.362062,-0.714289,-0.161718,3
